GEO_ID,,NAME,S1903_C02_011E,S1903_C02_012E,S1903_C02_013E,S1903_C02_014E,S1903_C02_011M,S1903_C02_012M,S1903_C02_013M,S1903_C02_014M,,,S1903_C02_015E,S1903_C02_015M,S1903_C01_001E,S1903_C01_001M,S1903_C01_002E,S1903_C01_002M,S1903_C01_003E,S1903_C01_003M,S1903_C01_004E,S1903_C01_004M,S1903_C01_005E,S1903_C01_005M,S1903_C01_006E,S1903_C01_006M,S1903_C01_007E,S1903_C01_007M,S1903_C01_008E,S1903_C01_008M,S1903_C01_009E,S1903_C01_009M,S1903_C01_010E,S1903_C01_010M,S1903_C01_011E,S1903_C01_011M,S1903_C01_012E,S1903_C01_012M,S1903_C01_013E,S1903_C01_013M,S1903_C01_014E,S1903_C01_014M,S1903_C01_015E,S1903_C01_015M,S1903_C01_016E,S1903_C01_016M,S1903_C01_017E,S1903_C01_017M,S1903_C01_018E,S1903_C01_018M,S1903_C01_019E,S1903_C01_019M,S1903_C01_020E,S1903_C01_020M,S1903_C01_021E,S1903_C01_021M,S1903_C01_022E,S1903_C01_022M,S1903_C01_023E,S1903_C01_023M,S1903_C01_024E,S1903_C01_024M,S1903_C01_025E,S1903_C01_025M,S1903_C01_026E,S1903_C01_026M,S1903_C01_027E,S1903_C01_027M,S1903_C01_028E,S1903_C01_028M,S1903_C01_029E,S1903_C01_029M,S1903_C01_030E,S1903_C01_030M,S1903_C02_001E,S1903_C02_001M,S1903_C02_002E,S1903_C02_002M,S1903_C02_003E,S1903_C02_003M,S1903_C02_004E,S1903_C02_004M,S1903_C02_005E,S1903_C02_005M,S1903_C02_006E,S1903_C02_006M,S1903_C02_007E,S1903_C02_007M,S1903_C02_008E,S1903_C02_008M,S1903_C02_009E,S1903_C02_009M,S1903_C02_010E,S1903_C02_010M,S1903_C02_011E,S1903_C02_011M,S1903_C02_012E,S1903_C02_012M,S1903_C02_013E,S1903_C02_013M,S1903_C02_014E,S1903_C02_014M,S1903_C02_015E,S1903_C02_015M,S1903_C02_016E,S1903_C02_016M,S1903_C02_017E,S1903_C02_017M,S1903_C02_018E,S1903_C02_018M,S1903_C02_019E,S1903_C02_019M,S1903_C02_020E,S1903_C02_020M,S1903_C02_021E,S1903_C02_021M,S1903_C02_022E,S1903_C02_022M,S1903_C02_023E,S1903_C02_023M,S1903_C02_024E,S1903_C02_024M,S1903_C02_025E,S1903_C02_025M,S1903_C02_026E,S1903_C02_026M,S1903_C02_027E,S1903_C02_027M,S1903_C02_028E,S1903_C02_028M,S1903_C02_029E,S1903_C02_029M,S1903_C02_030E,S1903_C02_030M
id,id_Fix,Geographic Area Name,15_to_24,25_to_44,45_to_64,65_and_over,MOE_15_to_25,MOE_25_to_45,MOE_45_to_65,MOE_65_and_over,average_MOE,average_Income,Families,Families_MOE,Total!!Estimate!!Households,Total!!Margin of Error!!Households,Total!!Estimate!!One race!!White,Total!!Margin of Error!!One race!!White,Total!!Estimate!!One race!!Black or African American,Total!!Margin of Error!!One race!!Black or African American,Total!!Estimate!!One race!!American Indian and Alaska Native,Total!!Margin of Error!!One race!!American Indian and Alaska Native,Total!!Estimate!!One race!!Asian,Total!!Margin of Error!!One race!!Asian,Total!!Estimate!!One race!!Native Hawaiian and Other Pacific Islander,Total!!Margin of Error!!One race!!Native Hawaiian and Other Pacific Islander,Total!!Estimate!!One race!!Some other race,Total!!Margin of Error!!One race!!Some other race,Total!!Estimate!!Two or more races,Total!!Margin of Error!!Two or more races,Total!!Estimate!!Hispanic or Latino origin (of any race),Total!!Margin of Error!!Hispanic or Latino origin (of any race),"Total!!Estimate!!White alone, not Hispanic or Latino","Total!!Margin of Error!!White alone, not Hispanic or Latino",Total!!Estimate!!HOUSEHOLD INCOME BY AGE OF HOUSEHOLDER!!15 to 24 years,Total!!Margin of Error!!HOUSEHOLD INCOME BY AGE OF HOUSEHOLDER!!15 to 24 years,Total!!Estimate!!HOUSEHOLD INCOME BY AGE OF HOUSEHOLDER!!25 to 44 years,Total!!Margin of Error!!HOUSEHOLD INCOME BY AGE OF HOUSEHOLDER!!25 to 44 years,Total!!Estimate!!HOUSEHOLD INCOME BY AGE OF HOUSEHOLDER!!45 to 64 years,Total!!Margin of Error!!HOUSEHOLD INCOME BY AGE OF HOUSEHOLDER!!45 to 64 years,Total!!Estimate!!HOUSEHOLD INCOME BY AGE OF HOUSEHOLDER!!65 years and over,Total!!Margin of Error!!HOUSEHOLD INCOME BY AGE OF HOUSEHOLDER!!65 years and over,Total!!Estimate!!FAMILIES!!Families,Total!!Margin of Error!!FAMILIES!!Families,Total!!Estimate!!FAMILIES!!Families!!With own children under 18 years,Total!!Margin of Error!!FAMILIES!!Families!!With own children under 18 years,Total!!Estimate!!FAMILIES!!Families!!With no own children under 18 years,Total!!Margin of Error!!FAMILIES!!Families!!With no own children under 18 years,Total!!Estimate!!FAMILIES!!Married-couple families,Total!!Margin of Error!!FAMILIES!!Married-couple families,"Total!!Estimate!!FAMILIES!!Female householder, no husband present","Total!!Margin of Error!!FAMILIES!!Female householder, no husband present","Total!!Estimate!!FAMILIES!!Male householder, no wife present","Total!!Margin of Error!!FAMILIES!!Male householder, no wife present",Total!!Estimate!!NONFAMILY HOUSEHOLDS!!Nonfamily households,Total!!Margin of Error!!NONFAMILY HOUSEHOLDS!!Nonfamily households,Total!!Estimate!!NONFAMILY HOUSEHOLDS!!Female householder,Total!!Margin of Error!!NONFAMILY HOUSEHOLDS!!Female householder,Total!!Estimate!!NONFAMILY HOUSEHOLDS!!Female householder!!Living alone,Total!!Margin of Error!!NONFAMILY HOUSEHOLDS!!Female householder!!Living alone,Total!!Estimate!!NONFAMILY HOUSEHOLDS!!Female householder!!Not living alone,Total!!Margin of Error!!NONFAMILY HOUSEHOLDS!!Female householder!!Not living alone,Total!!Estimate!!NONFAMILY HOUSEHOLDS!!Male householder,Total!!Margin of Error!!NONFAMILY HOUSEHOLDS!!Male householder,Total!!Estimate!!NONFAMILY HOUSEHOLDS!!Male householder!!Living alone,Total!!Margin of Error!!NONFAMILY HOUSEHOLDS!!Male householder!!Living alone,Total!!Estimate!!NONFAMILY HOUSEHOLDS!!Male householder!!Not living alone,Total!!Margin of Error!!NONFAMILY HOUSEHOLDS!!Male householder!!Not living alone,Total!!Estimate!!PERCENT IMPUTED!!Household income in the past 12 months,Total!!Margin of Error!!PERCENT IMPUTED!!Household income in the past 12 months,Total!!Estimate!!PERCENT IMPUTED!!Family income in the past 12 months,Total!!Margin of Error!!PERCENT IMPUTED!!Family income in the past 12 months,Total!!Estimate!!PERCENT IMPUTED!!Nonfamily income in the past 12 months,Total!!Margin of Error!!PERCENT IMPUTED!!Nonfamily income in the past 12 months,Median income (dollars)!!Estimate!!Households,Median income (dollars)!!Margin of Error!!Households,Median income (dollars)!!Estimate!!One race!!White,Median income (dollars)!!Margin of Error!!One race!!White,Median income (dollars)!!Estimate!!One race!!Black or African American,Median income (dollars)!!Margin of Error!!One race!!Black or African American,Median income (dollars)!!Estimate!!One race!!American Indian and Alaska Native,Median income (dollars)!!Margin of Error!!One race!!American Indian and Alaska Native,Median income (dollars)!!Estimate!!One race!!Asian,Median income (dollars)!!Margin of Error!!One race!!Asian,Median income (dollars)!!Estimate!!One race!!Native Hawaiian and Other Pacific Islander,Median income (dollars)!!Margin of Error!!One race!!Native Hawaiian and Other Pacific Islander,Median income (dollars)!!Estimate!!One race!!Some other race,Median income (dollars)!!Margin of Error!!One race!!Some other race,Median income (dollars)!!Estimate!!Two or more races,Median income (dollars)!!Margin of Error!!Two or more races,Median income (dollars)!!Estimate!!Hispanic or Latino origin (of any race),Median income (dollars)!!Margin of Error!!Hispanic or Latino origin (of any race),"Median income (dollars)!!Estimate!!White alone, not Hispanic or Latino","Median income (dollars)!!Margin of Error!!White alone, not Hispanic or Latino",Median income (dollars)!!Estimate!!HOUSEHOLD INCOME BY AGE OF HOUSEHOLDER!!15 to 24 years,Median income (dollars)!!Margin of Error!!HOUSEHOLD INCOME BY AGE OF HOUSEHOLDER!!15 to 24 years,Median income (dollars)!!Estimate!!HOUSEHOLD INCOME BY AGE OF HOUSEHOLDER!!25 to 44 years,Median income (dollars)!!Margin of Error!!HOUSEHOLD INCOME BY AGE OF HOUSEHOLDER!!25 to 44 years,Median income (dollars)!!Estimate!!HOUSEHOLD INCOME BY AGE OF HOUSEHOLDER!!45 to 64 years,Median income (dollars)!!Margin of Error!!HOUSEHOLD INCOME BY AGE OF HOUSEHOLDER!!45 to 64 years,Median income (dollars)!!Estimate!!HOUSEHOLD INCOME BY AGE OF HOUSEHOLDER!!65 years and over,Median income (dollars)!!Margin of Error!!HOUSEHOLD INCOME BY AGE OF HOUSEHOLDER!!65 years and over,Median income (dollars)!!Estimate!!FAMILIES!!Families,Median income (dollars)!!Margin of Error!!FAMILIES!!Families,Median income (dollars)!!Estimate!!FAMILIES!!Families!!With own children under 18 years,Median income (dollars)!!Margin of Error!!FAMILIES!!Families!!With own children under 18 years,Median income (dollars)!!Estimate!!FAMILIES!!Families!!With no own children under 18 years,Median income (dollars)!!Margin of Error!!FAMILIES!!Families!!With no own children under 18 years,Median income (dollars)!!Estimate!!FAMILIES!!Married-couple families,Median income (dollars)!!Margin of Error!!FAMILIES!!Married-couple families,"Median income (dollars)!!Estimate!!FAMILIES!!Female householder, no husband present","Median income (dollars)!!Margin of Error!!FAMILIES!!Female householder, no husband present","Median income (dollars)!!Estimate!!FAMILIES!!Male householder, no wife present","Median income (dollars)!!Margin of Error!!FAMILIES!!Male householder, no wife present",Median income (dollars)!!Estimate!!NONFAMILY HOUSEHOLDS!!Nonfamily households,Median income (dollars)!!Margin of Error!!NONFAMILY HOUSEHOLDS!!Nonfamily households,Median income (dollars)!!Estimate!!NONFAMILY HOUSEHOLDS!!Female householder,Median income (dollars)!!Margin of Error!!NONFAMILY HOUSEHOLDS!!Female householder,Median income (dollars)!!Estimate!!NONFAMILY HOUSEHOLDS!!Female householder!!Living alone,Median income (dollars)!!Margin of Error!!NONFAMILY HOUSEHOLDS!!Female householder!!Living alone,Median income (dollars)!!Estimate!!NONFAMILY HOUSEHOLDS!!Female householder!!Not living alone,Median income (dollars)!!Margin of Error!!NONFAMILY HOUSEHOLDS!!Female householder!!Not living alone,Median income (dollars)!!Estimate!!NONFAMILY HOUSEHOLDS!!Male householder,Median income (dollars)!!Margin of Error!!NONFAMILY HOUSEHOLDS!!Male householder,Median income (dollars)!!Estimate!!NONFAMILY HOUSEHOLDS!!Male householder!!Living alone,Median income (dollars)!!Margin of Error!!NONFAMILY HOUSEHOLDS!!Male householder!!Living alone,Median income (dollars)!!Estimate!!NONFAMILY HOUSEHOLDS!!Male householder!!Not living alone,Median income (dollars)!!Margin of Error!!NONFAMILY HOUSEHOLDS!!Male householder!!Not living alone,Median income (dollars)!!Estimate!!PERCENT IMPUTED!!Household income in the past 12 months,Median income (dollars)!!Margin of Error!!PERCENT IMPUTED!!Household income in the past 12 months,Median income (dollars)!!Estimate!!PERCENT IMPUTED!!Family income in the past 12 months,Median income (dollars)!!Margin of Error!!PERCENT IMPUTED!!Family income in the past 12 months,Median income (dollars)!!Estimate!!PERCENT IMPUTED!!Nonfamily income in the past 12 months,Median income (dollars)!!Margin of Error!!PERCENT IMPUTED!!Nonfamily income in the past 12 months
0500000US16001,16001,"Ada County, Idaho",29183,57994,68318,39521,2285,2057,1541,1430,1828.25,48754,67060,1182,149884,1000,94,0.3,0.8,0.1,0.5,0.1,2.2,0.2,0.2,0.1,0.9,0.2,1.5,0.2,4.8,0.2,90.2,0.4,6.3,0.4,38.4,0.5,37.8,0.4,17.6,0.4,101648,1429,49.2,0.9,50.8,0.9,79.4,1,13.3,0.7,7.3,0.7,48236,1152,54.1,1.6,44,1.6,10.2,1,45.9,1.6,32.9,1.3,13,1.2,25.7,(X),24.6,(X),26.1,(X),55499,991,56042,947,35463,2359,36738,11509,53141,6578,78750,77166,42396,11688,38285,5775,40776,4254,56670,943,29183,2285,57994,2057,68318,1541,39521,1430,67060,1182,66223,1809,67887,1578,76609,1513,31330,1679,43344,2969,32544,854,30165,1044,27779,1215,46153,4525,35912,1930,31338,1643,48238,4331,(X),(X),(X),(X),(X),(X)
0500000US16003,16003,"Adams County, Idaho",31161,51250,40625,25431,9261,9586,5384,3098,6832.25,37116.75,41897,3589,1732,119,94.7,1.3,0,1.9,1.4,1.1,0,1.9,0.6,0.9,0.1,0.2,3.1,1.9,1.2,1.2,94.4,1.2,2.9,2.1,18.7,2.9,46.7,3.2,31.6,2.3,1243,112,36.5,4.9,63.5,4.9,81.6,4.3,11.7,4.1,6.7,3.1,489,78,33.3,7.6,30.5,8.2,2.9,2.5,66.7,7.6,53.2,8.6,13.5,6.3,34.6,(X),40,(X),20.9,(X),35756,4372,36134,4078,-,**,21563,65835,-,**,-,**,-,**,9063,40483,9583,93319,35959,4076,31161,9261,51250,9586,40625,5384,25431,3098,41897,3589,42794,9559,41599,3322,48009,5986,17738,2322,35938,17835,19781,3088,17438,7452,17232,7855,71250,96102,19813,9131,18958,2703,52308,18757,(X),(X),(X),(X),(X),(X)
0500000US16005,16005,"Bannock County, Idaho",23111,46408,61953,39058,3482,4267,3186,3497,3608,42632.5,57089,2689,30206,317,92.9,0.7,0.8,0.3,2.3,0.5,1.1,0.3,0.1,0.1,1.1,0.4,1.7,0.5,4.8,0.6,90.1,0.8,9.2,1,36.4,1.1,35.1,0.9,19.3,0.8,20202,444,47.8,1.7,52.2,1.7,79.3,2,14.3,1.6,6.3,1.3,10004,445,51.1,2.8,43.1,2.8,8,1.7,48.9,2.8,38,2.8,10.9,1.6,27,(X),25.8,(X),28.6,(X),45860,1744,46405,1663,49519,40826,46429,20190,23333,11442,24904,44358,34514,10220,33173,13093,35731,3332,46903,1678,23111,3482,46408,4267,61953,3186,39058,3497,57089,2689,53974,2539,60263,2496,63214,2373,27824,2629,45528,13110,24744,2110,21945,2149,20667,2131,29889,5137,29043,3843,25723,4146,46992,4074,(X),(X),(X),(X),(X),(X)
0500000US16007,16007,"Bear Lake County, Idaho",45729,55691,41375,31688,13208,5575,9778,5680,8560.25,43620.75,45681,2433,2474,149,98.4,1.2,0,1.3,0,1.3,0,1.3,0,1.3,0.5,0.5,1.1,1,1.9,1,97.2,1.6,6.6,2.9,25.9,1.6,38.4,2.2,29.1,2.2,1839,135,44.3,5,55.7,5,85.6,4.4,11.3,4,3.2,2.4,635,103,49.6,6.9,44.7,7.1,4.9,3.7,50.4,6.9,42.7,6.7,7.7,4.6,34.5,(X),34.8,(X),31.3,(X),40242,7031,39727,6843,-,**,-,**,-,**,-,**,34531,71186,69886,13208,68750,27830,39045,6088,45729,13208,55691,5575,41375,9778,31688,5680,45681,2433,46595,2879,42708,7708,47500,4764,28594,29009,18750,34635,24279,4773,19732,5120,18750,5317,52083,43240,27353,16596,25815,12735,69250,37191,(X),(X),(X),(X),(X),(X)
0500000US16009,16009,"Benewah County, Idaho",24722,45669,41107,33167,11892,3187,6170,4159,6352,36166.25,42027,3743,3762,149,90.1,1.4,0.4,0.4,6.6,1,0.1,0.1,0.2,0.3,0.2,0.2,2.5,1.2,1.4,0.6,89.3,1.4,3.5,1.2,25.3,2.2,44.7,2.4,26.6,2,2603,177,40.1,3.3,59.9,3.3,78,4.3,14.3,3.7,7.8,2.9,1159,143,50.1,7.5,37.6,6.1,12.5,7,49.9,7.5,42.2,8.4,7.7,3,25.1,(X),26.2,(X),21,(X),38536,3711,40152,3950,35000,136409,30481,4656,-,**,-,**,84688,33292,27981,11984,32292,20584,40144,3936,24722,11892,45669,3187,41107,6170,33167,4159,42027,3743,45594,4789,39697,3705,46442,6053,25361,2346,41818,7570,25353,6113,22238,5242,19605,4251,46596,14173,31333,10335,24875,14574,67875,35648,(X),(X),(X),(X),(X),(X)
0500000US16011,16011,"Bingham County, Idaho",27875,50611,56628,34796,13686,4313,4573,4066,6659.5,42477.5,54263,2862,14638,280,90.4,1.1,0,0.2,4.7,0.6,0.5,0.3,0,0.2,3.1,0.7,1.3,0.6,13.6,1,80.8,1.1,4.5,0.9,35.4,1.4,37.6,1.4,22.5,1,11228,388,49.3,2,50.7,2,81,2.6,13.4,1.6,5.6,1.5,3410,366,54,5.4,47.3,5.8,6.7,3.4,46,5.4,38,5.5,7.9,3.6,28.6,(X),29.1,(X),26,(X),46817,2484,47500,2887,-,**,39333,10197,39333,21656,-,**,37386,18887,54500,45272,44086,3589,48488,2810,27875,13686,50611,4313,56628,4573,34796,4066,54263,2862,50499,3670,57818,3259,62600,3289,23040,6381,31882,11950,22300,3088,16362,2591,14844,1587,43396,11004,32500,6053,28109,4566,56976,9560,(X),(X),(X),(X),(X),(X)
0500000US16013,16013,"Blaine County, Idaho",41848,64835,60655,48950,51910,6848,7182,7282,18305.5,54072,74746,5345,9210,387,92.9,2,0,0.4,0.9,0.9,0.1,0.3,0.6,0.3,5.1,1.8,0.4,0.4,13.8,2,85,2,5.6,2.2,33.4,2.4,43.5,2.5,17.5,1.7,5813,405,48.7,3.1,51.3,3.1,81.4,3.9,11.8,3.2,6.9,2.9,3397,359,39.8,4.7,34.2,5,5.6,2.5,60.2,4.7,44.3,6,16,5.2,26.7,(X),30.7,(X),19.7,(X),60160,4947,61220,4986,-,**,80708,27469,-,**,73517,11025,41056,13864,9457,138742,51725,8657,64583,5237,41848,51910,64835,6848,60655,7182,48950,7282,74746,5345,69232,9717,80413,5973,81370,4939,40357,8934,42439,17963,37953,6648,33664,7815,30460,7389,62273,45842,43980,12972,36398,6899,62738,13741,(X),(X),(X),(X),(X),(X)
0500000US16015,16015,"Boise County, Idaho",17917,54878,50538,30294,26815,4074,5214,5440,10385.75,38406.75,52054,4511,2978,232,97.4,1,0.8,0.9,1.1,1,0,1.1,0,1.1,0,1.1,0.6,0.5,2.9,1.4,94.5,2.1,1.3,1.4,19.1,2.8,54.1,3.2,25.5,2.6,1906,218,33,4.8,67,4.8,87.9,3.9,7.5,3,4.7,3,1072,216,43.8,8.2,37.3,8.4,6.4,3.5,56.3,8.2,45.6,8.2,10.6,5.3,27.4,(X),25.1,(X),29.5,(X),45403,5544,45753,5309,158333,175058,24583,6905,-,**,-,**,-,**,7500,4520,28355,15133,46169,4766,17917,26815,54878,4074,50538,5214,30294,5440,52054,4511,51599,10872,52583,9890,55353,5891,22083,27530,29345,7119,27149,9167,16122,8795,14500,3787,67054,26238,40054,12882,32740,9229,68333,36007,(X),(X),(X),(X),(X),(X)
0500000US16017,16017,"Bonner County, Idaho",29014,44624,43708,36765,4433,5611,3619,3855,4379.5,38527.75,48899,3108,17886,392,97.5,0.5,0.1,0.2,0.4,0.2,0.4,0.2,0,0.2,0.1,0.1,1.5,0.6,1.5,0.3,96.2,0.6,3.8,0.8,25,1,45.2,1.5,26.1,1.1,11801,438,37.8,2.5,62.2,2.5,82.7,2.6,13.2,2.1,4.1,1.5,6085,491,49.6,4.3,38.8,4.1,10.8,2.7,50.4,4.3,37,3.7,13.3,3.7,24.7,(X),24.8,(X),23.5,(X),41379,2493,41525,2652,24412,87019,31944,9752,41250,34497,-,**,"2,500-",***,41453,16315,42500,33412,41302,2805,29014,4433,44624,5611,43708,3619,36765,3855,48899,3108,45406,5646,51603,4591,56906,3141,24025,3819,33815,8506,25787,1726,25462,3009,18908,2541,61379,13975,26149,2422,21231,2134,37639,7649,(X),(X),(X),(X),(X),(X)
0500000US16019,16019,"Bonneville County, Idaho",32932,50812,68229,38806,5303,2372,3932,3348,3738.75,47694.75,58976,1879,35919,539,94.7,0.7,0.5,0.2,0.6,0.3,0.6,0.2,0,0.1,2.5,0.6,1.2,0.3,8.4,0.6,89.4,0.7,4.3,0.6,37.7,1,37.4,0.8,20.6,0.7,26691,598,51.9,1.6,48.1,1.6,79.5,1.8,15.4,1.5,5.1,1,9228,534,54.5,2.7,48,2.7,6.4,1.4,45.5,2.7,37.6,2.8,7.9,1.6,24.4,(X),24.6,(X),22.6,(X),51254,1418,52347,1611,31700,23152,25278,7487,43143,30650,-,**,34840,5753,45655,31777,35646,4385,53589,1772,32932,5303,50812,2372,68229,3932,38806,3348,58976,1879,56463,2683,61953,2828,68109,2033,28831,2787,37344,6744,28610,1795,24801,1943,23138,1925,55607,12242,34233,3084,31114,3992,49432,7463,(X),(X),(X),(X),(X),(X)
0500000US16021,16021,"Boundary County, Idaho",34167,42112,46000,26408,23482,14871,11254,2793,13100,37171.75,42474,8503,4093,201,94,2,0,0.8,2.7,1.2,1.5,1.3,0,0.8,0.9,1.3,1,1,4.4,1.7,92,2,1.2,1,28.5,3.2,41.7,3.8,28.6,2.5,2904,247,37.1,4.9,62.9,4.9,83.1,5.2,12.4,4.6,4.5,2.3,1189,235,44.9,6.7,34.8,8.6,10.1,5.6,55.1,6.7,43.7,8.1,11.4,5.5,29.8,(X),30.3,(X),27.5,(X),36300,6009,35973,5787,-,**,43015,36106,19233,6287,-,**,-,**,57344,398007,35156,82517,36140,5942,34167,23482,42112,14871,46000,11254,26408,2793,42474,8503,40431,16097,45372,7356,49967,6789,24313,7059,10139,48517,19841,4742,18893,4159,18047,6546,19828,9945,22135,6360,17917,6357,50481,38863,(X),(X),(X),(X),(X),(X)
0500000US16023,16023,"Butte County, Idaho",16125,47813,49559,32375,27972,25224,9675,7825,17674,36468,48528,3452,1101,86,96.9,2.2,0.2,0.3,0.3,0.4,0.9,1.4,0,2.9,0.6,1,1.1,1,3.6,2.8,94.5,3.2,1.9,1.8,20.1,4.5,43.2,5.1,34.8,3.5,775,71,41.8,6.9,58.2,6.9,84.4,5.9,12.1,5.7,3.5,3,326,83,45.7,10,42.6,9.9,3.1,3.1,54.3,10,50.3,9.9,4,4.4,36.5,(X),33.8,(X),42.9,(X),40150,5399,41012,5649,-,**,-,**,-,**,-,**,-,**,42500,6085,24079,1941,42554,5375,16125,27972,47813,25224,49559,9675,32375,7825,48528,3452,53125,16353,45625,4483,52391,5483,25500,19656,39583,28960,19766,2426,18125,5134,17054,4752,33500,13048,20662,6911,19773,3952,60694,12018,(X),(X),(X),(X),(X),(X)
0500000US16025,16025,"Camas County, Idaho","2,500-",36250,41042,51375,***,10273,14154,20734,15053.66667,42889,43594,11802,449,62,92.2,6.4,0,7,2.4,2.7,0,7,0,7,3.6,4.8,1.8,3.2,7.1,5.2,88.6,6.3,1.6,2.5,36.1,8.3,43,9.3,19.4,7.4,349,47,42.7,11.9,57.3,11.9,72.5,10.3,11.7,6.9,15.8,9,100,40,59,19.8,52,20.6,7,9.3,41,19.8,23,16,18,15.5,30.5,(X),31.8,(X),26,(X),40515,6873,40441,6480,-,**,80208,21211,-,**,-,**,-,**,56071,10932,31250,6736,41618,6408,"2,500-",***,36250,10273,41042,14154,51375,20734,43594,11802,34635,9432,63077,17455,52344,13081,31406,10086,35250,35692,28333,11258,24688,5012,23958,7486,-,**,37031,11051,33958,24752,90500,110376,(X),(X),(X),(X),(X),(X)
0500000US16027,16027,"Canyon County, Idaho",27368,47386,49075,33300,2941,2306,2989,1887,2530.75,39282.25,47763,1711,63012,790,93.7,0.6,0.3,0.2,0.8,0.3,0.7,0.2,0.1,0.1,2.3,0.4,2,0.4,17,0.7,79.9,0.8,5.4,0.6,38.9,0.8,35.4,0.7,20.3,0.5,46956,881,51.8,1.3,48.2,1.3,77,1.6,16.9,1.3,6.1,0.8,16056,721,51.8,2.7,43.4,2.5,8.4,1.4,48.2,2.7,37.2,2.8,11,2.5,19.1,(X),19.3,(X),17,(X),42691,1087,43305,1099,25000,4533,28750,5817,40625,23738,28537,13298,30808,5641,37755,5135,31450,1642,45764,1768,27368,2941,47386,2306,49075,2989,33300,1887,47763,1711,44042,1563,51126,1441,54758,1541,24350,2885,36288,4699,25516,1540,20685,1611,18506,1833,39349,5438,31058,2786,26805,1993,49009,11066,(X),(X),(X),(X),(X),(X)
0500000US16029,16029,"Caribou County, Idaho",34769,70473,61648,30952,19589,3526,9745,5454,9578.5,49460.5,62620,4405,2634,135,95.8,1.9,0,1.2,0,1.2,0,1.2,0,1.2,1.6,1.3,2.7,1.4,3.9,1.1,93.4,1.6,3.2,2.3,29.7,2.3,39.6,2.8,27.6,2.9,1959,158,42.8,3.7,57.2,3.7,85.9,4.1,4.8,2.7,9.3,3.5,675,140,56.1,9,54.1,9.5,2.1,3.1,43.9,9,39.6,9.4,4.3,4.7,41.2,(X),41.9,(X),35.3,(X),52134,5430,54726,6954,-,**,-,**,-,**,-,**,23924,650,43095,11566,35417,22936,56220,7812,34769,19589,70473,3526,61648,9745,30952,5454,62620,4405,64938,12061,58681,8988,67083,3737,21375,23301,51786,12540,25428,4125,19648,6405,19102,5667,-,**,51250,20712,52614,14463,33558,28710,(X),(X),(X),(X),(X),(X)
0500000US16031,16031,"Cassia County, Idaho",35612,44625,55279,26653,7698,2569,3476,4151,4473.5,40542.25,52064,2221,7652,218,93.2,1.4,0.1,0.2,0.6,0.5,0.1,0.2,0,0.4,4.7,1.3,1.3,0.7,19.6,1.5,79.2,1.5,3.8,1.2,35,1.9,36.9,1.9,24.3,1.5,5505,263,50.4,2.9,49.6,2.9,83.4,3.3,11.9,2.6,4.7,1.7,2147,270,46.1,5.1,42.8,4.7,3.3,2.8,53.9,5.1,46.2,5.7,7.7,3.4,23,(X),21.5,(X),26.9,(X),43039,2788,43224,2947,-,**,53417,15100,-,**,-,**,39050,7103,30250,27107,29756,3903,47510,3712,35612,7698,44625,2569,55279,3476,26653,4151,52064,2221,48159,3242,57854,6211,56429,5217,14596,7493,32578,8597,17076,1055,15859,1859,15448,1672,34063,15519,19290,4930,17298,3048,43750,27641,(X),(X),(X),(X),(X),(X)
0500000US16033,16033,"Clark County, Idaho",26875,29500,46118,36389,23556,6612,10060,14214,13610.5,34720.5,35417,12052,296,58,97,4.7,0,10.4,3,4.7,0,10.4,0,10.4,0,10.4,0,10.4,40.2,11.3,59.8,11.3,7.1,7.2,23,10.3,41.6,14.1,28.4,11.9,245,59,56.3,13.7,43.7,13.7,78.8,12.9,15.9,10.8,5.3,7.8,51,30,45.1,25.1,37.3,26.3,7.8,12.8,54.9,25.1,43.1,24.4,11.8,21,34.1,(X),33.9,(X),35.3,(X),35833,11294,36771,11871,-,**,-,**,-,**,-,**,-,**,-,**,30880,4007,46719,18374,26875,23556,29500,6612,46118,10060,36389,14214,35417,12052,30000,2721,51705,20416,37679,16090,29620,6533,-,**,26607,14749,35417,23535,19821,33663,-,**,26071,25566,27143,51809,-,**,(X),(X),(X),(X),(X),(X)
0500000US16035,16035,"Clearwater County, Idaho",44375,53049,51096,25199,21690,8977,5638,3282,9896.75,43429.75,46317,3680,3621,169,96.2,1.9,0.1,0.3,2.2,1.3,0,0.9,0,0.9,0,0.9,1.5,1.2,1.3,0.9,95.7,2,3.9,2.1,18.7,2.5,43.4,2.7,34,2.2,2465,188,28,3.5,72,3.5,84.3,3.6,9.3,2.6,6.4,2.4,1156,129,42,6,34.7,5.8,7.3,4.2,58,6,42.6,7.8,15.4,7.6,28.4,(X),26.2,(X),31.7,(X),41914,3541,41289,3742,-,**,66667,26158,-,**,-,**,-,**,43500,11839,62031,41341,41042,3730,44375,21690,53049,8977,51096,5638,25199,3282,46317,3680,46667,8973,46286,3201,50159,3009,31212,2800,33021,14810,25851,3703,22154,2444,19830,3588,34643,30188,35360,8166,25865,6604,42083,30004,(X),(X),(X),(X),(X),(X)
0500000US16037,16037,"Custer County, Idaho",12917,40688,64310,24450,24937,7328,11178,6248,12422.75,35591.25,62000,9394,1878,113,96.9,1.3,0,1.7,0,1.7,0,1.7,0.6,1,0,1.7,2.4,1.3,2.4,1.4,94.5,1.8,1.9,1.5,25.1,4.2,46,4.7,27,3.1,1124,108,34.7,6.5,65.3,6.5,85.1,7,10.3,5.5,4.6,4.4,754,145,45.9,9,42.2,9.2,3.7,3.3,54.1,9,45.4,9.6,8.8,6.2,56,(X),61.7,(X),46.9,(X),41698,7048,41351,7608,-,**,-,**,-,**,-,**,-,**,41563,30121,35125,36655,42670,9294,12917,24937,40688,7328,64310,11178,24450,6248,62000,9394,56667,19105,65625,11225,63879,8477,14450,3802,96563,5699,24052,4608,22969,8970,20000,9423,100000,152133,26328,9836,24750,19591,26406,3774,(X),(X),(X),(X),(X),(X)
0500000US16039,16039,"Elmore County, Idaho",30596,49796,53375,30504,6137,7526,5677,4198,5884.5,41067.75,48406,3584,9554,374,88,2.2,2.9,0.8,1.2,0.5,1.8,1,0,0.3,3.2,1.3,3,1.5,11.2,1.6,81.3,2,10.5,2.2,37.3,2.5,34.5,2,17.7,1.6,6936,396,51.2,3.3,48.8,3.3,83.5,3.3,12.9,2.9,3.6,1.4,2618,289,49,6.7,38.2,6.5,10.8,3.8,51,6.7,46.6,6.8,4.4,2.5,20.4,(X),20.5,(X),18.1,(X),43886,1682,44608,2072,47025,26631,29700,13704,43343,25123,-,**,27210,11004,34545,18438,36375,5973,44510,2078,30596,6137,49796,7526,53375,5677,30504,4198,48406,3584,43775,3915,53958,4045,55477,4509,28281,6481,33984,26922,29113,3121,22548,4261,20573,5633,30182,11468,32568,5151,30590,4876,65463,13227,(X),(X),(X),(X),(X),(X)
0500000US16041,16041,"Franklin County, Idaho",32625,52838,55403,37917,5654,5915,10967,7282,7454.5,44695.75,55467,4236,4098,138,98.3,1.1,0,0.8,0.2,0.2,0.1,0.1,0,0.8,1.2,1.1,0.2,0.2,3.9,1.1,95.8,1.1,3.3,1.5,33.6,2.5,37.6,2.3,25.5,1.9,3242,170,49.9,3.7,50.1,3.7,90.2,2.5,6.6,2.2,3.3,1.7,856,152,53.2,6.8,50.8,7.5,2.3,2.5,46.8,6.8,45.1,7,1.8,1.3,29.7,(X),28.6,(X),32.9,(X),47598,3139,47732,3055,-,**,52500,57176,-,**,-,**,31339,28543,46750,11949,56563,38536,47458,3215,32625,5654,52838,5915,55403,10967,37917,7282,55467,4236,54645,3907,57379,11581,60361,6762,33036,6950,45595,13913,21059,2300,20250,1701,19896,1860,36250,3687,23389,5900,23039,7190,26806,18134,(X),(X),(X),(X),(X),(X)
0500000US16043,16043,"Fremont County, Idaho",21694,44167,55976,35413,11360,6333,7853,2106,6913,39312.5,50381,4569,4583,208,97.4,1,0,0.7,0.9,0.5,0.5,0.4,0,0.7,0.9,0.7,0.3,0.4,8.1,2,90.2,2.1,4.9,1.7,31.9,2.1,36.7,2,26.5,2,3477,214,45.8,3.3,54.2,3.3,90.1,2.8,5.6,2.2,4.3,1.9,1106,156,50.3,7,50,7,0.3,0.4,49.7,7,41.7,6.5,8,5.4,25.9,(X),24.3,(X),29.7,(X),43053,2891,42901,2967,-,**,47670,17477,56063,21414,-,**,39135,6541,155682,201014,33288,2835,44936,4590,21694,11360,44167,6333,55976,7853,35413,2106,50381,4569,46857,6568,53558,5077,53386,4507,28214,15946,33750,18147,27898,4639,19709,5198,19622,5072,-,**,33810,5556,34107,5700,28958,21569,(X),(X),(X),(X),(X),(X)
0500000US16045,16045,"Gem County, Idaho",50686,49375,46361,33056,74902,10839,3376,5142,23564.75,44869.5,49626,4971,6456,237,95.7,1.6,0,0.5,0.4,0.4,0.6,0.5,0.5,0.7,1.8,1.1,1,0.9,5.1,0.9,92.3,1.5,1.5,1,27.1,2.1,38.4,2.4,32.9,1.9,4497,264,36.3,3.9,63.7,3.9,79.3,4,17.9,4,2.7,1.4,1959,260,46.9,5.9,41.1,5.9,5.8,3.7,53.1,5.9,43.5,7.1,9.6,5,21.7,(X),20.7,(X),23.5,(X),41976,5461,43648,5546,-,**,39583,51783,16434,800,12188,39696,26674,42114,40500,46615,45145,37660,42892,5732,50686,74902,49375,10839,46361,3376,33056,5142,49626,4971,45964,12005,52911,4636,56148,3104,27688,3064,37650,13040,19157,3369,17337,3041,16313,1671,47440,58686,20646,4971,18210,5633,55156,67962,(X),(X),(X),(X),(X),(X)
0500000US16047,16047,"Gooding County, Idaho",31944,43085,51265,28716,2166,5179,3937,2730,3503,38752.5,47594,3930,5536,173,90.2,2.1,0,0.6,1.3,0.7,0,0.6,0,0.6,5.8,2,2.6,1.2,20,1.9,77.5,1.9,8.6,2.4,30,2.1,32.9,2.1,28.5,1.7,3951,238,47.8,4.2,52.2,4.2,83.3,3.5,8.7,2.5,8,2.6,1585,209,52.4,6.5,47.4,6.5,4.9,3,47.6,6.5,36.2,6.7,11.4,6.6,23.7,(X),24.4,(X),20.8,(X),37910,5114,39720,5454,-,**,31154,23150,-,**,-,**,21250,6872,60380,31963,31452,2465,41934,3443,31944,2166,43085,5179,51265,3937,28716,2730,47594,3930,46552,5568,48145,5192,50376,3689,21406,5258,40938,20471,22174,4076,20265,3485,18712,4254,45543,33511,27472,5420,26056,6670,46736,34067,(X),(X),(X),(X),(X),(X)
0500000US16049,16049,"Idaho County, Idaho",26536,46301,40488,29888,11432,5731,2827,3328,5829.5,35803.25,42520,5178,6647,267,95.7,0.8,0.1,0.2,1.8,0.5,0.1,0.2,0,0.5,0.3,0.3,2.1,0.8,1,0.5,94.9,0.9,2.3,1.2,21.3,1.9,42.4,1.8,34,1.8,4545,284,32.8,2.8,67.2,2.8,79.9,3.8,13.5,3.1,6.6,2.4,2102,229,46.7,4.5,42.3,4.3,4.4,2.2,53.3,4.5,40.7,4.7,12.6,4.9,28.2,(X),27.6,(X),27.2,(X),37067,1933,37460,2063,-,**,39063,14159,75625,25709,-,**,65000,9911,24750,5908,38409,26403,37510,2105,26536,11432,46301,5731,40488,2827,29888,3328,42520,5178,43650,9108,42288,5193,50185,3283,23386,4144,21434,6829,21206,2400,16175,2624,15015,2118,42212,32192,30547,4517,25278,7245,41071,15270,(X),(X),(X),(X),(X),(X)
0500000US16051,16051,"Jefferson County, Idaho",28556,54888,67719,37586,2760,4201,7991,3335,4571.75,47187.25,57422,3715,8091,196,96.2,1,0.3,0.3,0.7,0.6,0.1,0.1,0,0.1,1.8,0.7,0.8,0.6,8.9,1.2,89.4,1.3,4.2,1.3,41,2,35.8,2.1,19,1.3,6725,249,53.9,2.8,46.1,2.8,86.8,2.8,8.8,2.2,4.5,2.2,1366,202,45.5,7.4,40.6,6.7,4.9,3.2,54.5,7.4,40.9,6.9,13.5,5.5,26.1,(X),25,(X),28.3,(X),52980,2375,52935,2417,19417,84159,47202,96520,16458,9390,-,**,44550,13967,107853,57794,33958,14669,54113,2170,28556,2760,54888,4201,67719,7991,37586,3335,57422,3715,54143,3037,62631,5349,61413,6868,25745,4971,61538,31429,23953,5201,21250,6219,17480,7851,84531,45402,26375,7021,23068,11207,37969,25721,(X),(X),(X),(X),(X),(X)
0500000US16053,16053,"Jerome County, Idaho",29063,45195,48386,31927,3155,5810,8963,3478,5351.5,38642.75,47688,2581,7552,186,89.5,2.3,0.4,0.6,2.4,1.4,0,0.4,0,0.4,6.4,2.2,1.2,0.8,22.3,1.9,75.1,2,8.5,1.8,34.2,2.1,36.8,1.9,20.4,1.5,5523,258,52.3,3.4,47.7,3.4,78.9,3.3,13.6,2.7,7.5,2,2029,223,44,6.6,38.8,7,5.2,2.8,56,6.6,44.1,7.1,11.9,4.6,28,(X),28.9,(X),24.5,(X),40309,2457,41411,2382,"2,500-",***,35833,20167,-,**,-,**,29598,13214,26313,35758,34517,6840,42097,4433,29063,3155,45195,5810,48386,8963,31927,3478,47688,2581,43962,6509,52978,5120,50829,3809,21635,7021,43571,8798,25355,4957,17979,2352,16045,3393,41544,8012,30027,2314,28188,4382,50708,7940,(X),(X),(X),(X),(X),(X)
0500000US16055,16055,"Kootenai County, Idaho",28551,55267,54208,37148,3247,2368,1929,2276,2455,43793.5,56805,1867,55351,567,96.2,0.4,0.2,0.1,1.2,0.3,0.5,0.1,0.1,0.1,0.2,0.1,1.6,0.3,2.4,0.3,94.2,0.5,5.8,0.5,32,0.8,39.3,0.7,22.9,0.6,38483,892,44.8,1.4,55.2,1.4,78.9,1.6,16,1.5,5.2,0.8,16868,795,51.9,2.5,42.1,2.3,9.7,1.7,48.1,2.5,33.3,3,14.8,2.5,19.7,(X),18.4,(X),20.9,(X),49151,1429,49514,1477,65313,77651,36750,11846,57500,35628,15500,12373,36442,8125,43175,9498,50490,10184,49378,1515,28551,3247,55267,2368,54208,1929,37148,2276,56805,1867,55003,2801,58449,2818,63661,2315,29522,2756,40752,5086,28475,1813,21668,2416,18574,1494,40778,3894,36602,3222,31855,3097,47076,6838,(X),(X),(X),(X),(X),(X)
0500000US16057,16057,"Latah County, Idaho",18498,43177,66829,40099,3798,3236,5907,3702,4160.75,42150.75,58093,3208,15013,291,94.9,0.8,0.7,0.3,0.5,0.4,1.2,0.4,0.2,0.2,0.4,0.4,2.2,0.6,2.9,0.7,93.2,0.9,22.4,1.6,30.9,1.3,30.9,1.2,15.8,0.8,8608,310,44,2.8,56,2.8,83.4,2.8,10.4,1.7,6.3,2,6405,401,43.6,3.7,28.6,3,15,3.4,56.4,3.7,32.2,4.8,24.2,5.1,20.9,(X),17.1,(X),26,(X),39466,2266,39568,2598,12241,23381,18800,52985,50357,36643,-,**,23775,740,47778,22234,23902,12989,39827,2597,18498,3798,43177,3236,66829,5907,40099,3702,58093,3208,51804,5158,62397,3952,64289,3274,28872,3416,36818,6824,23047,1952,22642,3241,17969,4358,26522,2283,23281,2800,21780,2369,24429,7824,(X),(X),(X),(X),(X),(X)
0500000US16059,16059,"Lemhi County, Idaho",20481,29186,48214,33286,17335,4933,9920,6814,9750.5,32791.75,53085,4645,3716,166,97,1.1,0,0.9,0.9,0.9,1.3,1.4,0,0.9,0,0.9,0.8,0.8,0.9,0.6,96.3,1.3,3.7,2.2,21.6,1.9,43.6,2.4,31.1,2.3,2275,184,32.4,4.2,67.6,4.2,85.6,4,9.6,3.4,4.8,2.7,1441,189,47.1,6.6,41.5,7,5.6,2.9,52.9,6.6,48.2,6.5,4.7,4.1,36.6,(X),35.6,(X),38.1,(X),36372,5774,36921,5819,-,**,20893,18066,-,**,-,**,-,**,64844,100677,5227,2575,37363,5790,20481,17335,29186,4933,48214,9920,33286,6814,53085,4645,52619,7846,53377,6656,54828,6185,17426,7487,55574,16966,20819,963,20332,1470,19821,2898,38359,54937,22067,4242,21462,3758,40500,25063,(X),(X),(X),(X),(X),(X)
0500000US16061,16061,"Lewis County, Idaho",28611,44792,46406,25938,17404,10499,4393,2558,8713.5,36436.75,47750,3540,1670,61,95.5,0.8,0,1.9,2.5,0.7,0.4,0.4,0.2,0.4,0,1.9,1.4,0.7,1.9,1.4,93.7,1.7,3.5,1.2,20.1,1.8,42.6,2.2,33.8,2.1,1059,75,34.6,4.1,65.4,4.1,79.1,3.7,12.7,2.7,8.1,3,611,70,50.9,5.3,44.8,5.4,6.1,2.7,49.1,5.3,39.4,5.6,9.7,4.3,26.8,(X),29.2,(X),21.8,(X),37340,2290,37910,2413,-,**,35446,2320,35833,37330,-,**,-,**,14167,26129,32788,6558,38359,2411,28611,17404,44792,10499,46406,4393,25938,2558,47750,3540,40833,9257,49813,7110,56154,6675,21792,3039,40833,19007,21781,2865,17356,2537,15625,2454,45893,14825,31023,4117,24732,9021,50313,29738,(X),(X),(X),(X),(X),(X)
0500000US16063,16063,"Lincoln County, Idaho",31793,48052,49957,31389,4306,6712,3089,5486,4898.25,40297.75,49504,2761,1659,93,90.9,2.4,0,1.9,0.3,0.5,0.3,0.4,0,1.9,7.5,2.4,1,0.8,17.1,2.7,81.9,2.8,6,2.4,35.4,2.9,37.2,2.8,21.5,2.2,1243,83,49.2,4.8,50.8,4.8,84.7,4.6,8.4,3.4,6.9,3.6,416,58,48.3,7,41.1,7.4,7.2,4.6,51.7,7,43.5,7.9,8.2,4.6,33.9,(X),33.2,(X),28.6,(X),43926,2794,44331,2699,-,**,19583,65604,-,**,-,**,34286,32542,25750,14759,40750,14757,44507,2826,31793,4306,48052,6712,49957,3089,31389,5486,49504,2761,48971,7117,50067,2872,51075,3809,30556,17503,50833,61790,26944,7344,20391,4457,19813,4463,21250,23668,32257,10555,31250,5902,53750,15356,(X),(X),(X),(X),(X),(X)
0500000US16065,16065,"Madison County, Idaho",20130,34914,73458,43125,1869,3969,4179,7487,4376,42906.75,37581,4417,10089,287,98.6,0.7,0,0.1,0.1,0.1,0.4,0.3,0.1,0.1,0.1,0.2,0.7,0.5,4.3,1.1,94.7,1.2,27.6,2.5,37,2.3,23,1.3,12.4,0.9,7920,294,48.9,2.4,51.1,2.4,90.4,2.1,7.2,1.8,2.4,0.9,2169,205,56.3,4.9,29.9,5.9,26.5,4.7,43.7,4.9,20.7,4.8,22.9,4.9,26.4,(X),20.2,(X),47.3,(X),33776,2406,33732,2384,-,**,-,**,70625,111912,-,**,-,**,14550,48538,28000,5517,34429,2467,20130,1869,34914,3969,73458,4179,43125,7487,37581,4417,41624,4923,35018,5290,40812,5031,22069,3574,42813,28900,23346,3452,20462,2928,18725,3866,22833,4441,31036,7118,30648,7980,31989,19565,(X),(X),(X),(X),(X),(X)
0500000US16067,16067,"Minidoka County, Idaho",31571,44231,53651,31750,1601,3457,4555,4651,3566,40300.75,50879,2834,6807,187,90.1,1.8,0.3,0.4,0.6,0.5,0.6,0.8,0,0.5,5.5,1.6,2.9,1.2,23.3,1.8,73.5,1.8,4.4,1.4,25.7,1.7,42.4,1.8,27.4,2.1,5139,224,42.9,2.8,57.1,2.8,80.3,3.4,13.7,2.8,6,1.8,1668,199,52.6,5.8,51.1,5.9,1.6,1.3,47.4,5.8,41.3,6.1,6.1,3.1,22.2,(X),21.8,(X),21.2,(X),43301,2094,43525,2247,17614,21735,17321,117085,103359,47560,-,**,38641,11647,82566,88995,33509,4380,46581,3369,31571,1601,44231,3457,53651,4555,31750,4651,50879,2834,44438,5213,53606,2329,55806,2750,28036,6965,35625,12337,21886,2670,19250,2067,19082,2378,32917,21518,30338,7048,25927,7416,41776,5475,(X),(X),(X),(X),(X),(X)
0500000US16069,16069,"Nez Perce County, Idaho",31486,51025,61167,29199,4066,4653,4827,2496,4010.5,43219.25,59083,2073,16110,233,93.4,0.8,0,0.1,3.6,0.5,0.8,0.4,0.4,0.4,0.4,0.3,1.4,0.4,1.6,0.4,92.7,0.8,5.9,0.8,28.8,1.3,37.5,1.3,27.9,1.2,10210,340,36.9,2.3,63.1,2.3,77.1,2.3,16,2,6.9,1.3,5900,280,50.6,3.2,46.3,3.2,4.3,1.4,49.4,3.2,36.4,3.1,13,3.1,22.4,(X),24.3,(X),18.7,(X),45587,2221,46185,2261,-,**,42464,11399,43681,57762,11733,19362,15833,93761,33375,12855,19500,11349,46577,2276,31486,4066,51025,4653,61167,4827,29199,2496,59083,2073,57396,5728,59937,3745,66554,2313,29323,4596,39071,6659,25400,1651,19495,1646,18635,1528,33607,11089,32023,3772,26372,2636,51090,9452,(X),(X),(X),(X),(X),(X)
0500000US16071,16071,"Oneida County, Idaho",59432,55000,44628,28145,12831,14136,6785,6892,10161,46801.25,50990,7757,1574,98,97.6,1.5,0,2,0.7,1.1,0,2,0,2,0.4,0.7,1.3,0.8,1.8,1.8,96.3,1.9,4.4,2.4,26,3.6,37.5,3.5,32,3.4,1169,116,50.9,5.1,49.1,5.1,83.1,5,9,4.3,7.9,3.6,405,93,47.2,10.3,47.2,10.3,0,7.7,52.8,10.3,45.4,10,7.4,6.2,25,(X),20.9,(X),37,(X),44298,4209,44649,3944,-,**,-,**,-,**,-,**,-,**,25714,5068,46591,24385,44189,4274,59432,12831,55000,14136,44628,6785,28145,6892,50990,7757,56080,2088,45625,4453,56176,2575,6652,17954,24583,11319,21488,6032,13606,3549,13606,3549,-,**,30313,12604,30104,12696,50500,56515,(X),(X),(X),(X),(X),(X)
0500000US16073,16073,"Owyhee County, Idaho",28977,35438,40764,24504,17104,4050,7693,3090,7984.25,32420.75,36089,2476,3881,140,92.5,1.4,0,0.8,2.2,0.9,0,0.8,0,0.8,2,0.9,3.2,1.4,19.3,2.2,75.5,2.3,3.2,1.9,29.2,3.1,42.4,3.1,25.3,2,2822,167,46.8,4.1,53.2,4.1,81.4,4.1,11.7,3.2,6.9,2.7,1059,140,50.4,6.5,43.8,6.6,6.6,3.9,49.6,6.5,40.4,7.3,9.2,4.3,20,(X),17.2,(X),23.6,(X),33626,3072,33662,3276,-,**,33750,19158,-,**,-,**,38393,6922,24306,12943,29051,4494,35300,3296,28977,17104,35438,4050,40764,7693,24504,3090,36089,2476,32201,4838,40976,6567,38631,5839,20500,10210,29773,22097,18512,5448,15868,1745,15000,1901,32778,30096,24447,5209,22625,8653,62969,58473,(X),(X),(X),(X),(X),(X)
0500000US16075,16075,"Payette County, Idaho",11536,47933,52794,27176,901,9049,3462,3534,4236.5,34859.75,52415,2686,8204,254,92.7,1.3,0,0.4,1.2,0.8,0.7,0.4,0.1,0.1,2,0.9,3.2,1.1,9.6,1.7,86.4,1.8,2.9,1.3,31.3,2,38,2.1,27.8,1.7,5844,269,45.5,3.2,54.5,3.2,78.2,3.3,16.8,3.1,5,1.7,2360,267,58.3,5.5,54,5.7,4.3,2.5,41.7,5.5,34.2,5.5,7.5,3.6,22.7,(X),22.8,(X),19.4,(X),42747,3318,43606,3525,-,**,33409,26135,44519,15782,-,**,23527,9959,34135,26857,24018,4262,45328,3606,11536,901,47933,9049,52794,3462,27176,3534,52415,2686,51239,4817,53512,3157,56277,1576,24458,5454,41678,12760,21614,5132,20718,7999,18300,8402,29531,7701,23059,6754,18780,7526,38036,74398,(X),(X),(X),(X),(X),(X)
0500000US16077,16077,"Power County, Idaho",17375,39809,46157,45742,16292,4309,7936,5687,8556,37270.75,45909,3362,2553,131,94.6,2.5,0.8,1.3,2.2,1.5,0,1.3,0,1.3,2.4,1.6,0,1.3,19.8,3.2,78,3.6,4.3,2.4,30.5,5.2,41.2,4.7,24,3,2084,152,47.4,5.5,52.6,5.5,81.4,6.7,13.6,6,4.9,2.9,469,140,36.7,13.4,35.2,13.1,1.5,2.4,63.3,13.4,44.6,13.3,18.8,13.4,31.8,(X),34,(X),13.2,(X),41950,3857,41884,3650,-,**,58323,764,-,**,-,**,39118,20160,-,**,38360,2877,45500,4513,17375,16292,39809,4309,46157,7936,45742,5687,45909,3362,39533,2427,50769,8393,47835,5475,36250,13916,32946,16299,32404,13710,14219,20853,13672,17636,-,**,37956,9290,36339,16925,38362,7471,(X),(X),(X),(X),(X),(X)
0500000US16079,16079,"Shoshone County, Idaho",33000,47813,40154,27948,13382,7015,3288,4216,6975.25,37228.75,48525,4455,5791,170,96.1,0.8,0.1,0.1,0.7,0.5,0.3,0.2,0,0.6,0.2,0.3,2.5,0.8,2.5,1,94,1.2,4.1,1.3,26,1.5,40.5,2.2,29.4,2,3639,225,34.4,3.5,65.6,3.5,79.9,3.7,10.3,2.9,9.8,2.5,2152,194,46.9,4.7,43.7,4.5,3.3,1.4,53.1,4.7,43.7,4.9,9.3,3,23.5,(X),27,(X),14.8,(X),38273,2174,38599,2188,-,**,42917,60033,28750,30758,-,**,35938,4480,16083,15450,63300,38461,38278,2137,33000,13382,47813,7015,40154,3288,27948,4216,48525,4455,49430,6257,47146,6090,53262,3227,26500,20463,35163,24730,20647,3009,15253,1662,14664,1494,39833,19444,26188,4489,24929,3565,42813,16234,(X),(X),(X),(X),(X),(X)
0500000US16081,16081,"Teton County, Idaho",15000,58401,55642,56414,7381,4765,7035,27899,11770,46364.25,60837,7170,3677,270,97.1,1.8,0,0.9,0.1,0.2,1.1,1.3,0,0.9,1.6,1.2,0.2,0.2,11.1,1.6,87.4,2.4,2,1.6,46.5,3.9,39.5,3.7,11.9,1.6,2587,243,52.4,6.2,47.6,6.2,84.3,5,9.4,4,6.3,3.4,1090,187,51.4,9.7,42.1,9.3,9.3,6.6,48.6,9.7,36.9,9.4,11.7,6.7,33.1,(X),35.1,(X),28.4,(X),56532,3779,56980,4174,-,**,-,**,-,**,-,**,55500,19229,44375,15112,41029,19290,58377,3571,15000,7381,58401,4765,55642,7035,56414,27899,60837,7170,52031,12287,76023,14228,68125,16063,37583,30027,40372,7367,24886,8793,22750,9548,21424,4819,77125,48674,26591,22580,22868,10738,68289,18896,(X),(X),(X),(X),(X),(X)
0500000US16083,16083,"Twin Falls County, Idaho",27413,45548,52290,29968,5974,3128,2955,1665,3430.5,38804.75,49724,1897,27980,470,93.9,0.9,0.2,0.2,0.6,0.3,1.3,0.3,0,0.1,2.8,0.8,1.3,0.4,9.2,0.7,88,0.8,6.6,0.8,33.4,1,36.7,1.1,23.2,0.8,19546,527,47.2,2.2,52.8,2.2,78.7,2.1,16,1.5,5.3,1.2,8434,511,54.2,3,45.2,3,9,2.6,45.8,3,34.7,3,11.2,2.6,26.4,(X),25.8,(X),26.5,(X),42639,1563,43066,1752,9183,39784,66442,62927,50132,32380,-,**,37448,10655,26439,15635,33967,6035,43883,1912,27413,5974,45548,3128,52290,2955,29968,1665,49724,1897,47505,2552,51979,2735,55805,1667,23413,3353,43462,11049,27224,1597,24728,2807,21762,3645,44531,11812,28596,1709,27065,2190,38731,16743,(X),(X),(X),(X),(X),(X)
0500000US16085,16085,"Valley County, Idaho",58438,52361,63177,40595,39631,15076,13639,4450,18199,53642.75,62787,13126,3637,332,97.6,1.7,0,0.9,0.2,0.5,0,0.9,0,0.9,0.1,0.3,2,1.4,0.9,0.9,96.9,2,0.8,0.9,22.8,3.4,46.6,3.3,29.8,3.2,2529,332,28.5,5,71.5,5,91.4,3.6,7.2,3.2,1.4,1.3,1108,210,52.4,9.1,47.5,8.2,5,4.4,47.6,9.1,43.3,9,4.2,2.9,26,(X),27.1,(X),23,(X),51953,4263,52190,4622,-,**,-,**,-,**,-,**,-,**,43947,30540,43500,39766,52198,4617,58438,39631,52361,15076,63177,13639,40595,4450,62787,13126,50556,17266,66799,9864,64510,11396,26058,20678,43250,102555,31991,8898,36542,12919,27303,20619,47386,42782,30856,7890,27917,8636,58021,32822,(X),(X),(X),(X),(X),(X)
0500000US16087,16087,"Washington County, Idaho",28778,36570,49492,25464,610,4399,5395,2316,3180,35076,45181,4101,3994,133,93.6,2,0,0.8,0.3,0.4,1,0.3,0,0.8,3.2,1.7,2,1.1,12.5,2.1,84.3,2.3,1.5,1.2,25.4,2.3,40.4,2.5,32.7,2.3,2782,161,44.1,4.1,55.9,4.1,75.8,4.1,19.2,4.3,5.1,2.4,1212,165,53.4,5.6,45,6,8.3,3.8,46.6,5.6,38.5,6.1,8.1,4.9,21.9,(X),22.5,(X),19.9,(X),36311,2085,37030,2810,-,**,-,**,27344,12747,-,**,31108,6330,50313,15721,31565,2435,37954,2835,28778,610,36570,4399,49492,5395,25464,2316,45181,4101,42500,7848,47611,3957,50788,2834,26103,9871,45568,20957,19466,2249,18054,4133,14606,4294,48958,28372,23987,3684,22063,6433,30882,6342,(X),(X),(X),(X),(X),(X)
0500000US41001,41001,"Baker County, Oregon",16574,42820,49850,34860,6854,4033,7961,3852,5675,36026,49864,5051,7074,258,97,0.9,0,0.5,0.7,0.5,0.3,0.4,0,0.1,0.3,0.3,1.7,0.6,1.9,0.5,95.6,0.9,4.3,1.4,23.3,1.4,40.4,1.8,31.9,1.6,4781,231,35.9,2.5,64.1,2.5,82.9,3.2,11.7,2.8,5.5,2.1,2293,233,52.9,5.3,45.7,5.5,7.2,2.6,47.1,5.3,39,4.9,8.2,3.1,29,(X),27.8,(X),28,(X),40348,2904,40935,2404,-,**,14402,4910,-,**,"250,000+",***,10625,1915,24821,27862,17049,15582,41321,2321,16574,6854,42820,4033,49850,7961,34860,3852,49864,5051,41389,5516,55163,4146,56532,3353,14801,4292,25781,13824,18663,2625,15819,1967,14886,1489,39750,22998,22213,4250,21250,3743,36625,23969,(X),(X),(X),(X),(X),(X)
0500000US41003,41003,"Benton County, Oregon",12197,50982,73103,49621,2121,5204,3617,4155,3774.25,46475.75,74399,2188,33502,430,90.3,0.9,0.9,0.3,0.6,0.3,5.2,0.6,0.1,0.1,0.9,0.4,2,0.5,5,0.5,86.7,0.8,15.7,1.2,28.6,1,36.5,0.9,19.3,0.7,18825,539,39.2,1.8,60.8,1.8,82,1.7,13.1,1.6,4.9,1,14677,564,51.5,2.6,34.6,2.4,17,2.1,48.5,2.6,32.9,2.6,15.5,2,19.2,(X),18.6,(X),19.1,(X),48635,2574,50557,2559,11950,28329,54673,11881,38031,8766,45347,69598,14000,7895,41368,5090,33000,7272,51388,3055,12197,2121,50982,5204,73103,3617,49621,4155,74399,2188,72589,5278,75259,2392,83302,2517,31075,2778,41394,18413,24366,2645,25362,2840,25890,2478,22478,6805,23256,3752,22970,4127,24200,11091,(X),(X),(X),(X),(X),(X)
0500000US41005,41005,"Clackamas County, Oregon",32190,67505,77222,42953,2855,2443,1905,1121,2081,54967.5,76561,1508,145004,1070,92.7,0.3,0.6,0.1,0.6,0.1,2.9,0.2,0.1,0.1,0.8,0.2,2.2,0.3,4.7,0.3,89.4,0.4,2.8,0.3,30.8,0.5,44.2,0.5,22.2,0.4,100694,1326,43.5,0.9,56.5,0.9,80.4,1,13.5,0.8,6.1,0.5,44310,1157,55.3,1.5,47,1.5,8.3,0.9,44.7,1.5,33.3,1.5,11.4,1.1,23.7,(X),22.8,(X),23.7,(X),63951,1133,64350,1192,47545,17167,34258,8343,76404,10043,62162,10894,45196,13956,52720,5469,47844,5789,64821,1222,32190,2855,67505,2443,77222,1905,42953,1121,76561,1508,74461,2577,78100,1666,86228,1272,34930,2924,51828,4715,37408,1493,33500,1220,29318,1579,60455,7846,42735,1831,38947,2279,66142,8525,(X),(X),(X),(X),(X),(X)
0500000US41007,41007,"Clatsop County, Oregon",30382,45648,51709,37601,10172,3748,2532,1714,4541.5,41335,53158,3027,15757,362,93.7,0.6,0.4,0.3,0.5,0.2,1.4,0.3,0,0.2,1.5,0.6,2.5,0.5,4.9,0.6,90.5,0.7,3.3,0.9,27.5,1.5,42.7,1.6,26.5,1.2,9825,407,39.4,2.2,60.6,2.2,75.4,2.6,18.4,2.4,6.3,1.8,5932,405,49,3.6,43.4,3.4,5.5,1.6,51,3.6,39,3.7,12,3.5,24.5,(X),24.9,(X),21.7,(X),44330,1892,45115,1777,68333,16058,54615,15902,38015,45875,-,**,22813,4557,34875,10862,37710,6271,45288,1704,30382,10172,45648,3748,51709,2532,37601,1714,53158,3027,44823,5971,57532,3480,63500,3466,23445,2771,32083,9981,31393,2649,27923,2971,25678,2819,52112,7417,38310,4642,32153,7799,53774,8205,(X),(X),(X),(X),(X),(X)
0500000US41009,41009,"Columbia County, Oregon",21103,63012,65192,35212,16603,2824,3894,3225,6636.5,46129.75,64674,3504,19060,279,95.6,0.7,0.2,0.2,1.2,0.4,0.8,0.3,0,0.1,1,0.4,1.2,0.5,3.1,0.5,93.6,0.9,3.4,0.7,30.6,1.2,43.2,1.5,22.9,1,13440,460,39.6,1.5,60.4,1.5,80,2.3,14.6,1.8,5.4,1.1,5620,367,50.5,3.4,41.3,2.9,9.2,2.7,49.5,3.4,38.8,3.8,10.7,2.9,21.7,(X),21.2,(X),21,(X),55358,2413,55404,2448,31902,71899,28333,47937,65816,1235,72500,31777,31125,49441,58056,15902,43542,22168,55435,2407,21103,16603,63012,2824,65192,3894,35212,3225,64674,3504,65047,4220,64248,4984,72068,3400,28051,9345,32645,8804,28396,2868,23784,2683,20970,3351,40638,8442,35640,6525,32079,3921,54909,17649,(X),(X),(X),(X),(X),(X)
0500000US41011,41011,"Coos County, Oregon",25755,39927,45064,32163,13188,4070,2974,2041,5568.25,35727.25,48671,1885,26567,475,92.7,0.9,0.5,0.2,2.3,0.7,1,0.3,0,0.1,0.7,0.4,2.8,0.6,3.5,0.5,90.2,0.9,3,0.6,22.8,1,40.5,1.3,33.7,1.1,16171,594,32.2,1.9,67.8,1.9,78.4,2.4,14.6,1.9,7,1.3,10396,535,52.3,2.7,42.6,2.6,9.7,2,47.7,2.7,36.4,3.2,11.3,2.4,28.3,(X),27.2,(X),27.7,(X),37853,2175,37834,2294,11080,64618,47930,12941,49722,22194,-,**,27031,2806,34853,11577,34141,6808,37951,2356,25755,13188,39927,4070,45064,2974,32163,2041,48671,1885,47137,3623,49790,2378,54703,2466,21930,1697,31467,11362,22812,2094,20731,2260,18195,1907,32830,4131,26954,3863,21278,3323,45833,12444,(X),(X),(X),(X),(X),(X)
0500000US41013,41013,"Crook County, Oregon",28750,40319,48744,30659,4529,6107,2376,3346,4089.5,37118,48585,2837,8745,287,95.9,1.2,0,0.4,1.2,0.6,0.1,0.2,0,0.4,1.2,0.9,1.6,0.7,4.7,1.1,92.8,1.2,2.3,1.3,26,1.8,40.7,1.9,31,1.7,6050,368,37.5,3,62.5,3,80.3,3.6,12.6,3.1,7.1,2.3,2695,340,57.1,5.4,46.6,5.9,10.5,4.7,42.9,5.4,32.7,5.4,10.2,4.6,25.7,(X),26.9,(X),21.8,(X),40263,2379,40364,2401,-,**,48512,29036,-,**,-,**,24716,14786,42880,20048,39904,18916,40236,2589,28750,4529,40319,6107,48744,2376,30659,3346,48585,2837,42390,9018,50071,3132,51489,1875,17367,5066,41667,24965,26797,3169,25201,3096,23263,4482,43750,19760,30813,4607,24653,6917,40284,8556,(X),(X),(X),(X),(X),(X)
0500000US41015,41015,"Curry County, Oregon",38162,43553,46131,31331,2455,5995,9640,4942,5758,39794.25,50952,6224,10320,359,95.4,1.1,0.3,0.4,1.4,0.8,0.2,0.4,0,0.3,0.8,0.5,1.9,0.8,4,0.9,92.2,1.2,3.4,1.3,17.6,1.8,40.2,2.1,38.8,2.1,6298,433,28,4,72,4,82.9,3.4,10.5,2.5,6.6,2.4,4022,412,58.9,5.3,50.8,6.2,8.1,3.7,41.1,5.3,31.7,4.8,9.4,4.3,31.5,(X),31,(X),30.1,(X),38401,2433,37576,2163,-,**,74306,44082,130000,217514,-,**,80673,23604,44063,6931,39815,14390,37601,2268,38162,2455,43553,5995,46131,9640,31331,4942,50952,6224,42019,6951,54478,6369,56746,5770,23750,9418,43015,36660,19439,1694,19344,2960,17850,2024,35818,1804,19526,2119,18803,2252,27031,12715,(X),(X),(X),(X),(X),(X)
0500000US41017,41017,"Deschutes County, Oregon",32817,56142,60592,38695,3927,2608,2207,2582,2831,47061.5,61729,1452,64459,1004,95.3,0.5,0.3,0.1,0.6,0.2,0.9,0.2,0.2,0.1,1.2,0.3,1.5,0.4,4.7,0.4,92,0.5,4,0.6,32.2,0.8,40.1,0.8,23.7,0.6,43686,1108,41.7,1.3,58.3,1.3,81.1,1.3,12.4,1.1,6.5,0.9,20773,977,52.6,2.5,43.3,2.5,9.4,1.6,47.4,2.5,32.6,2.2,14.8,1.8,24.8,(X),25.7,(X),21.9,(X),51468,1909,51708,1812,62019,29475,45656,28941,65926,31123,38341,8364,43901,6245,44783,22113,40833,7093,52483,1568,32817,3927,56142,2608,60592,2207,38695,2582,61729,1452,58633,3783,63249,2119,67278,1922,29393,4369,36771,7236,31419,1331,27212,1702,23997,2141,56130,5030,37393,3619,30562,2294,58964,5474,(X),(X),(X),(X),(X),(X)
0500000US41019,41019,"Douglas County, Oregon",25825,42500,48024,32456,3211,2491,3109,1373,2546,37201.25,47932,1962,43678,678,94.5,0.5,0.2,0.1,1.5,0.4,0.6,0.2,0.1,0.1,0.5,0.2,2.7,0.5,2.7,0.4,92.3,0.6,3.5,0.5,23.5,0.8,40.5,1.1,32.5,0.9,29279,693,32.6,1.4,67.4,1.4,77.3,1.6,16,1.5,6.7,1.1,14399,764,53.2,2.4,43.1,2.5,10.1,1.9,46.8,2.4,37.5,2.5,9.3,1.9,27.4,(X),27.6,(X),25,(X),40096,1174,40166,1175,11250,30175,37682,7096,59342,60314,29000,46705,29833,7159,41676,5095,32102,7267,40310,1144,25825,3211,42500,2491,48024,3109,32456,1373,47932,1962,41903,2610,50978,2736,55652,2224,24865,2623,36683,4651,24456,1833,19897,1321,18528,897,36603,11021,29397,2458,25854,1961,41735,3840,(X),(X),(X),(X),(X),(X)
0500000US41021,41021,"Gilliam County, Oregon",29861,42857,61375,26612,15122,17666,6754,3371,10728.25,40176.25,57656,8561,894,64,94.9,2.5,0.9,0.9,0.7,1.2,0,3.8,0.6,0.9,1.2,1.6,1.8,1.7,4.7,2.9,91.4,3.2,3.2,1.9,22.4,4.3,45,5.2,29.4,4.7,543,45,34.1,7,65.9,7,82.3,6.2,13.4,5.1,4.2,3.6,351,69,45.3,8.7,39.9,8.8,5.4,4,54.7,8.7,51.6,9,3.1,3.5,33,(X),29.1,(X),39,(X),45833,8149,46875,8842,17000,21065,-,**,-,**,-,**,30972,8128,55962,12418,41190,4073,48021,8756,29861,15122,42857,17666,61375,6754,26612,3371,57656,8561,52656,22204,60000,10501,64479,7152,25568,7008,29306,55799,26976,5500,15365,3072,15625,3479,13958,11789,41742,6514,41326,4207,47292,169522,(X),(X),(X),(X),(X),(X)
0500000US41023,41023,"Grant County, Oregon",29444,46583,42181,24654,17959,7443,6216,4203,8955.25,35715.5,42366,5455,3376,117,97.1,0.8,0,0.1,0.3,0.3,0,1,0,1,0.2,0.2,2.3,0.7,2.1,0.9,95.1,1.1,3.1,1.4,21.7,1.6,43.1,1.8,32,2.2,2213,143,34.2,2.8,65.8,2.8,83.6,3.6,11.3,2.7,5.1,2.2,1163,141,50,5.8,45.3,5.8,4.7,2.4,50,5.8,42,6.5,8,3.4,30.7,(X),35,(X),20.4,(X),34337,1728,34537,1984,-,**,25625,14586,-,**,-,**,21250,51701,32875,6705,140500,107431,34162,1747,29444,17959,46583,7443,42181,6216,24654,4203,42366,5455,45781,10723,40337,6667,49494,4115,20662,7259,18992,5952,19511,2623,17256,2325,16609,1785,28906,19873,23105,5277,21635,4866,39821,15065,(X),(X),(X),(X),(X),(X)
0500000US41025,41025,"Harney County, Oregon",11181,52670,49398,30766,20775,11306,6563,4838,10870.5,36003.75,47207,8517,3186,153,94.1,1.6,0.5,0.7,3.9,1.5,0.4,0.4,0,1.1,0.2,0.3,0.9,0.8,0.5,0.5,93.8,1.6,9.4,2.6,20.9,2.7,42.6,2.6,27.1,2.1,2119,190,37,4.1,63,4.1,81.4,5.8,12.4,4.9,6.2,3.2,1067,200,48.2,7.4,43.1,8.9,5.1,6.8,51.8,7.4,39.1,7.8,12.7,6.9,34.5,(X),34.5,(X),26.3,(X),39674,4556,40328,4691,31167,10566,36250,16735,52679,43012,-,**,-,**,15417,66519,47188,31724,40227,4782,11181,20775,52670,11306,49398,6563,30766,4838,47207,8517,46250,21950,47348,7349,54143,7788,12083,24014,27054,33811,22147,5753,13095,2632,14008,3424,3850,357,37409,8734,31058,9145,48527,1713,(X),(X),(X),(X),(X),(X)
0500000US41027,41027,"Hood River County, Oregon",16819,60361,64868,36972,6349,4964,6042,7802,6289.25,44755,63977,4711,8027,322,93.1,2.1,0.3,0.2,1.3,1,1.9,1,0.1,0.1,3,1.7,0.3,0.4,17.9,3.4,79,3.4,3.2,1.4,30.8,2.6,43.6,2.1,22.4,1.6,5341,294,47.7,4.5,52.3,4.5,86,2.7,10.1,2.5,3.9,1.8,2686,301,50.4,5.7,42,5.5,8.4,3.6,49.6,5.7,36.2,6.2,13.4,4.3,21.7,(X),23.1,(X),18.1,(X),56355,3986,57261,4597,74250,21441,56008,38108,34740,140434,27000,90824,49185,30928,32344,9778,43676,4611,60150,3899,16819,6349,60361,4964,64868,6042,36972,7802,63977,4711,60328,3746,68316,6543,72754,7077,37540,7183,48173,22110,33903,5279,30590,7890,24746,4495,81806,56093,40345,9821,32138,7497,62730,8736,(X),(X),(X),(X),(X),(X)
0500000US41029,41029,"Jackson County, Oregon",26611,45613,52453,37267,2741,2502,2269,1637,2287.25,40486,53448,1490,83370,724,94.5,0.5,0.4,0.1,0.8,0.2,0.9,0.2,0.1,0.1,0.9,0.2,2.4,0.4,7.1,0.5,88.9,0.6,4.7,0.5,28.4,0.6,39.1,0.7,27.8,0.6,53966,1105,40.1,1.2,59.9,1.2,75.9,1.3,17.5,1.2,6.6,0.8,29404,947,56.7,1.8,46.6,2,10.1,1.2,43.3,1.8,33,2.1,10.2,1.6,26.8,(X),26.9,(X),24.1,(X),43664,1146,44289,1137,33776,11504,32731,6497,48438,26564,40625,22209,27354,14813,31230,4953,33813,4985,45244,1338,26611,2741,45613,2502,52453,2269,37267,1637,53448,1490,45435,2584,57984,1879,62975,1905,26593,1313,31184,4955,27145,1230,25050,1501,22286,1310,47799,10047,30938,2219,26001,2141,47290,10600,(X),(X),(X),(X),(X),(X)
0500000US41031,41031,"Jefferson County, Oregon",31994,42719,49141,40921,4373,4493,6807,5573,5311.5,41193.75,48538,4539,8005,271,78,2.3,0.5,0.4,12.5,1.5,0.6,0.2,0.7,0.7,5.5,1.6,2.1,1.1,14,1.5,71,2.1,4.7,1.3,28.3,2.4,43.6,2.3,23.4,1.5,5604,327,39.4,3.8,60.6,3.8,70.8,4.1,16.1,2.8,13.1,3.1,2401,332,42.9,6,36.2,6.2,6.7,3.9,57.1,6,41.1,6.8,16,4.9,37.2,(X),39.8,(X),29.2,(X),43330,2221,43982,3536,48875,47822,45500,8201,22321,26982,44550,53571,39107,16445,31593,5141,37196,3810,44747,3723,31994,4373,42719,4493,49141,6807,40921,5573,48538,4539,38913,2358,55479,2361,55456,2193,26429,9690,41225,10164,31445,2731,27742,6897,23000,7644,31310,13187,35718,6532,31311,10076,54129,15564,(X),(X),(X),(X),(X),(X)
0500000US41033,41033,"Josephine County, Oregon",25000,38318,43786,31337,9185,3290,2539,1981,4248.75,34610.25,46669,2278,34373,545,95.9,0.5,0.2,0.1,1.5,0.5,0.4,0.2,0.1,0.1,0.3,0.2,1.5,0.4,4.1,0.4,92.3,0.6,3.1,0.6,22.9,0.9,40.3,1.1,33.7,0.9,22211,573,35.2,1.8,64.8,1.8,77.6,2.1,15,1.8,7.4,1.3,12162,646,60.4,2.8,51.7,3,8.7,1.7,39.6,2.8,33.1,2.4,6.5,1.6,30.3,(X),30.6,(X),28.1,(X),36699,1474,36607,1573,50521,53217,25833,18726,36125,29670,8750,80775,40592,12743,48359,10322,32727,5765,36987,1619,25000,9185,38318,3290,43786,2539,31337,1981,46669,2278,38886,4908,49551,2144,53139,3147,24045,2666,27213,4172,20060,1489,19765,1771,18091,1635,36250,8829,20597,2776,17851,3111,39375,17051,(X),(X),(X),(X),(X),(X)
0500000US41035,41035,"Klamath County, Oregon",21997,44967,47339,31959,5151,3316,4047,3133,3911.75,36565.5,50067,2176,27747,436,90.4,0.8,0.9,0.3,3.9,0.6,0.8,0.3,0.1,0.1,1.5,0.5,2.5,0.5,6.8,0.7,86.3,0.8,5.5,0.9,28.3,0.9,39.7,1.1,26.5,0.8,18411,609,40.2,1.8,59.8,1.8,73.9,2,17.6,2,8.6,1.4,9336,552,50,3.1,42,3.1,8,2.2,50,3.1,37.8,3,12.2,2.5,24.2,(X),24.2,(X),22.1,(X),41066,2482,42190,2477,16282,4378,27125,5628,50568,34480,39500,1857,32689,9375,35742,6927,29328,4078,42589,2497,21997,5151,44967,3316,47339,4047,31959,3133,50067,2176,46895,3980,51714,2308,59134,2928,24442,2153,33709,6682,23016,1750,21494,1565,20154,1641,42608,13567,25365,3634,21517,2457,48417,18345,(X),(X),(X),(X),(X),(X)
0500000US41037,41037,"Lake County, Oregon",21719,44275,44119,27607,22009,8835,9551,6826,11805.25,34430,51250,5731,3566,176,93.3,2,0.7,0.8,1.1,0.7,0.3,0.4,0.1,0.2,2.4,1.3,2.1,1,4.7,1.1,91.6,1.8,3.8,1.7,22.5,2.5,46.1,2.6,27.6,2.2,2228,187,37,3.3,63,3.3,85,3.9,11.4,3.5,3.6,1.8,1338,185,54,7.1,41.9,6.6,12,5.4,46,7.1,39.4,6.8,6.7,3.5,29,(X),28.4,(X),28.7,(X),40049,5348,40407,5529,"2,500-",***,39688,69322,-,**,-,**,40909,9701,18125,12889,40170,21161,40625,5249,21719,22009,44275,8835,44119,9551,27607,6826,51250,5731,43775,8192,55045,7823,58726,5743,19716,8896,24500,32175,21822,2136,19368,1891,18487,1474,23750,2751,29426,4484,28427,7387,46033,19334,(X),(X),(X),(X),(X),(X)
0500000US41039,41039,"Lane County, Oregon",16866,47983,53732,34633,1901,1689,1257,1148,1498.75,38303.5,56008,1644,145474,975,92.2,0.4,0.6,0.1,1.1,0.2,2.1,0.2,0.1,0.1,1.2,0.2,2.7,0.3,4.9,0.2,89,0.4,8.6,0.4,29.7,0.4,38.3,0.4,23.5,0.3,86939,1106,40.6,0.8,59.4,0.8,74.1,1,17.5,0.8,8.4,0.7,58535,1177,53.7,1.1,41,1.2,12.7,0.9,46.3,1.1,30.1,1.1,16.1,0.9,24.8,(X),23.3,(X),25.3,(X),42628,858,43212,928,38920,5629,39164,7035,32582,6105,36667,55168,42620,9331,35898,4926,37848,2788,43534,970,16866,1901,47983,1689,53732,1257,34633,1148,56008,1644,50509,2340,59357,1294,65861,1001,28021,1628,30863,1861,25991,885,23723,1147,20863,987,37772,4029,28565,1689,24873,1229,37136,3212,(X),(X),(X),(X),(X),(X)
0500000US41041,41041,"Lincoln County, Oregon",18802,47641,48393,36486,17412,3841,4575,2629,7114.25,37830.5,54912,2950,21039,567,92,1,0.2,0.2,2.6,0.6,0.9,0.1,0.2,0.1,1.6,0.7,2.6,0.6,4.7,0.5,89,0.9,3.2,0.7,22.4,1,43,1.2,31.5,1,12725,510,31.2,2.2,68.8,2.2,81.4,2.4,13.5,1.9,5.1,1.4,8314,516,60.4,2.7,51.9,3.3,8.5,1.8,39.6,2.7,29.9,3.1,9.7,2.2,27.7,(X),27.9,(X),25.2,(X),41996,1930,42884,2275,42386,74213,33304,5626,30909,42908,95000,199197,60167,52136,26779,25460,33719,7020,43504,2524,18802,17412,47641,3841,48393,4575,36486,2629,54912,2950,50638,3710,57470,3897,62720,2628,24429,2659,32153,9085,24617,1815,21894,2258,19019,2215,43971,7925,32424,5230,28825,4908,44318,11077,(X),(X),(X),(X),(X),(X)
0500000US41043,41043,"Linn County, Oregon",25295,50925,57207,34326,3955,1936,2720,1732,2585.75,41938.25,55401,1637,44566,593,94.2,0.6,0.3,0.2,1.5,0.4,1.1,0.2,0.1,0.1,1.4,0.4,1.4,0.4,4.4,0.6,91.6,0.8,4.5,0.6,31.1,1.1,38.5,1,25.9,0.8,30389,720,40.5,1.7,59.5,1.7,78.2,1.6,15.5,1.4,6.3,1.1,14177,644,53.8,2.5,43.9,2.5,9.9,1.9,46.2,2.5,33.9,2.7,12.4,2.1,23.3,(X),23.4,(X),21.2,(X),47129,1304,47412,1335,18750,32190,29583,24587,30139,31406,24054,33203,43141,20968,53750,15677,28937,6092,47819,1345,25295,3955,50925,1936,57207,2720,34326,1732,55401,1637,51564,2153,57777,1924,62106,2026,24815,2716,40268,4288,27450,2082,24116,1920,20625,1829,48613,4345,33953,4261,26975,3299,52607,9251,(X),(X),(X),(X),(X),(X)
0500000US41045,41045,"Malheur County, Oregon",20726,46086,44443,27063,6442,5538,3582,2261,4455.75,34579.5,47546,2438,10134,251,87.6,1.6,0.5,0.5,0.8,0.4,1.6,0.6,0.1,0.1,7.2,1.6,2.1,0.8,23,1.4,74.3,1.3,5.5,1.2,29.4,1.4,37.8,1.8,27.3,1.2,6971,295,46.4,2.7,53.6,2.7,77,2.7,16.2,2.6,6.8,1.8,3163,230,53.1,4.4,45.7,4.5,7.3,2.8,46.9,4.4,41.5,4.4,5.4,2.5,26.5,(X),25.8,(X),27.3,(X),37191,2028,39064,2727,17148,50476,29792,81554,39063,15016,11250,5600,28390,5232,24022,10995,27394,6836,40332,2752,20726,6442,46086,5538,44443,3582,27063,2261,47546,2438,41638,7932,52483,3718,54672,2272,19306,4993,30385,13636,19969,1865,19946,2415,19066,2697,45250,16844,20009,3538,17425,3385,30333,14659,(X),(X),(X),(X),(X),(X)
0500000US41047,41047,"Marion County, Oregon",25806,46548,57631,37369,4566,1535,1471,1774,2336.5,41838.5,54487,1234,113227,878,86.7,0.5,0.7,0.1,1.3,0.2,1.6,0.2,0.6,0.1,6.8,0.5,2.3,0.2,14.9,0.4,79,0.5,4.8,0.3,34.6,0.5,38,0.5,22.6,0.4,78115,994,47,1,53,1,73.4,1,18.7,1.1,7.9,0.7,35112,895,59,1.5,51.5,1.5,7.5,1,41,1.5,31.6,1.3,9.4,0.9,23,(X),23,(X),20.2,(X),46654,848,48173,950,38068,8483,35192,22823,45146,7526,32058,7408,36381,4810,41624,5902,38657,2799,49158,1067,25806,4566,46548,1535,57631,1471,37369,1774,54487,1234,46654,1511,61143,1651,64256,1258,28736,2120,41474,4789,30182,1073,27737,1507,25951,1247,50547,6116,33233,1570,30784,1719,42822,7398,(X),(X),(X),(X),(X),(X)
0500000US41049,41049,"Morrow County, Oregon",27045,51604,53393,31387,37252,4243,8708,4595,13699.5,40857.25,52761,2757,3791,165,92.8,1.9,0.1,0.2,0.2,0.3,0.3,0.5,0.3,0.4,3.3,1.6,3.1,1.2,19.2,2.4,78.2,2.5,2.1,1.3,34.6,2.7,40.6,2.7,22.8,2.1,2737,180,48.8,3.3,51.2,3.3,74.9,3.9,17.1,4,7.9,2.9,1054,154,44.1,7.3,38,7.1,6.2,3.1,55.9,7.3,45,7.2,10.9,6,31.1,(X),31,(X),27.6,(X),48457,4052,49617,3229,-,**,71000,21801,-,**,6389,18309,29205,12007,50721,9424,43156,7431,50061,3314,27045,37252,51604,4243,53393,8708,31387,4595,52761,2757,47431,7681,62941,5616,62564,4669,24028,10749,26050,7233,31058,4441,22875,8477,21979,9982,29688,31288,38321,10242,31250,8330,73250,29978,(X),(X),(X),(X),(X),(X)
0500000US41051,41051,"Multnomah County, Oregon",25331,54395,60846,37343,1564,1092,1256,1222,1283.5,44478.75,65311,1022,303654,1375,83.5,0.3,5.3,0.2,0.9,0.1,5.2,0.2,0.4,0.1,2,0.2,2.8,0.2,6.9,0.2,79.2,0.3,5,0.2,41.9,0.3,36.1,0.3,17,0.2,164793,1578,46,0.6,54,0.6,72.8,0.7,20,0.5,7.1,0.4,138861,1865,53,0.8,39.5,0.8,13.5,0.7,47,0.8,33.7,0.8,13.3,0.6,20.1,(X),20.5,(X),18.1,(X),51582,739,54271,866,27347,2493,29695,2651,54561,3833,35478,5018,38062,2541,39024,2709,36572,2040,55346,916,25331,1564,54395,1092,60846,1256,37343,1222,65311,1022,59434,1804,69211,1468,78953,1213,30659,1117,44702,3596,35995,816,34516,1007,27906,1105,56724,2124,38107,1107,30140,1145,63383,2571,(X),(X),(X),(X),(X),(X)
0500000US41053,41053,"Polk County, Oregon",19665,54752,67026,38305,3146,2690,3318,2306,2865,44937,63412,2799,27973,430,90.8,1.1,0.3,0.2,1.8,0.4,1.7,0.5,0.5,0.4,2.2,0.8,2.7,0.7,8.6,1,85.8,1.1,7.4,0.9,29.4,1.1,39.1,1.3,24.1,1,19244,508,42.9,2,57.1,2,80,1.4,14.7,1.5,5.3,1.1,8729,483,58.4,3.8,47,4.1,11.5,2.3,41.6,3.8,31.5,3.7,10,2.5,21.6,(X),21.1,(X),20,(X),52365,2001,53861,2526,100489,79231,31818,14377,57759,25786,30952,53653,35536,18851,51318,10540,39625,6153,54130,2331,19665,3146,54752,2690,67026,3318,38305,2306,63412,2799,57998,4978,66406,4823,73304,3392,29943,6273,31492,18975,28559,2694,23194,2787,22455,2115,26985,7193,37659,3091,30092,7249,65821,15107,(X),(X),(X),(X),(X),(X)
0500000US41055,41055,"Sherman County, Oregon",16875,57969,57639,33077,9330,10744,9350,4005,8357.25,41390,54400,5832,788,55,96.7,1.3,0,4.3,0.8,0.8,0,4.3,0,4.3,0.6,0.5,1.9,1.3,2.4,1.8,95.1,1.8,4.8,2.4,20.7,4.5,40.2,4.1,34.3,4,476,60,37,5.9,63,5.9,80.3,5,16.4,4.9,3.4,2.2,312,43,45.8,9.2,41.3,9.3,4.5,2.5,54.2,9.2,40.1,7.9,14.1,5.8,26.8,(X),25.6,(X),25,(X),44583,8944,44167,9036,-,**,37500,81173,-,**,-,**,33750,28245,121563,83308,23125,12244,45893,8752,16875,9330,57969,10744,57639,9350,33077,4005,54400,5832,53214,12301,54861,6636,62273,5365,19688,8485,12500,12707,27321,6603,21705,6237,20795,8548,39167,68888,32917,4933,31250,4394,70625,40575,(X),(X),(X),(X),(X),(X)
0500000US41057,41057,"Tillamook County, Oregon",27083,43706,48790,31755,9490,2306,4693,3350,4959.75,37833.5,49334,3257,10843,380,95.8,1,0.1,0.1,0.8,0.5,0.4,0.4,0.1,0.2,1.7,0.8,1.2,0.5,5.4,0.9,92.2,1,2.5,0.9,24.3,1.6,42.7,1.6,30.5,1.3,6990,407,35.7,2.5,64.3,2.5,80.1,2.9,12.8,2,7.1,1.9,3853,311,59.1,4.5,54.2,4.7,5,1.9,40.9,4.5,29.3,4.6,11.5,4,19.2,(X),18.3,(X),19.5,(X),41869,1776,42174,1826,11500,104069,17414,21174,36450,30198,-,**,62500,61209,16750,15409,25660,19378,42740,1829,27083,9490,43706,2306,48790,4693,31755,3350,49334,3257,41835,3027,53829,4484,54167,4246,21250,7722,50357,15486,27173,3227,21084,2863,19498,3156,47647,14530,38015,6203,35313,10841,53125,27733,(X),(X),(X),(X),(X),(X)
0500000US41059,41059,"Umatilla County, Oregon",31154,51214,58480,34474,9823,3560,3532,2285,4800,43830.5,56800,1626,26786,585,91,0.9,0.9,0.3,1.9,0.4,0.5,0.1,0,0.1,3.2,0.7,2.5,0.5,16.7,1.1,78.3,1.1,5.5,0.9,32.6,1,39.1,1.2,22.9,0.8,18553,512,47,1.8,53,1.8,72.3,2.1,19.8,1.8,7.9,1.4,8233,499,50.4,3.3,44.5,3.2,5.9,1.8,49.6,3.3,39.9,3,9.7,2.5,30.3,(X),30.6,(X),26.3,(X),48452,2596,50518,2416,23424,17668,36488,9114,43125,28090,50625,62538,31656,11684,41563,8159,40890,4578,51491,2202,31154,9823,51214,3560,58480,3532,34474,2285,56800,1626,51259,5259,62281,2633,65391,2065,27127,5944,43770,9301,25395,2461,21702,2430,21341,1901,30660,17559,32324,5948,25865,6763,46583,7950,(X),(X),(X),(X),(X),(X)
0500000US41061,41061,"Union County, Oregon",11593,42944,54043,32761,2624,4500,2633,4148,3476.25,35335.25,51964,2589,10299,231,95.5,0.7,0.1,0.2,0.3,0.2,1,0.4,0.4,0.2,0.1,0.1,2.5,0.6,2,0.5,93.7,0.9,8.4,1.4,29.6,1.2,36.5,1.4,25.5,1.1,6852,230,40.9,2.5,59.1,2.5,79.7,2.7,13,2.1,7.3,1.8,3447,264,57.8,3.7,47.4,3.7,10.4,2.9,42.2,3.7,29.1,4.3,13.1,3.8,26.9,(X),26.9,(X),25.3,(X),41784,2023,42464,2132,-,**,46944,36033,29773,7751,60809,2399,14063,5440,29427,8943,32447,45208,42401,2105,11593,2624,42944,4500,54043,2633,32761,4148,51964,2589,45322,3493,55911,2692,57274,2758,26715,3091,33500,10453,20534,2120,18847,1429,17969,1519,22061,10648,27639,4764,23810,7855,32803,10268,(X),(X),(X),(X),(X),(X)
0500000US41063,41063,"Wallowa County, Oregon",27083,43636,47425,34938,24262,6202,5877,3439,9945,38270.5,50813,3026,2980,155,97.5,1,0.5,0.5,0.5,0.5,0.1,0.1,0.1,0.2,0.4,0.4,0.9,0.7,0.7,0.5,97,1.1,1.7,1.1,17.7,2,46.4,2.3,34.2,2,1824,143,29.4,2.9,70.6,2.9,82,3.7,15.1,3.3,2.9,1.5,1156,131,44.8,6,41.7,6,3.1,2,55.2,6,48.9,6.7,6.3,3.1,30.8,(X),33.1,(X),25.7,(X),40204,4205,40798,4216,9844,20601,21750,17140,-,**,39167,22505,125179,183745,41250,94776,16875,34490,41083,4239,27083,24262,43636,6202,47425,5877,34938,3439,50813,3026,50662,9288,50853,3153,56007,3791,28333,12150,25000,14587,22792,4131,19104,1782,18433,1656,61111,25726,27900,8912,24915,7314,43125,66706,(X),(X),(X),(X),(X),(X)
0500000US41065,41065,"Wasco County, Oregon",32037,45000,53986,34954,10703,6835,5453,2040,6257.75,41494.25,53117,4021,9748,276,93.6,1.4,0,0.1,3.3,0.8,0.3,0.4,0.4,0.4,1.4,0.9,0.8,0.5,4.5,1.7,90.6,2.1,4.7,1.4,25.2,1.6,41.2,1.4,28.9,1.2,6546,326,34.9,3.2,65.1,3.2,77.2,3.3,17.7,3.3,5.1,1.7,3202,255,53,4.5,45.4,4.3,7.6,2.9,47,4.5,37.7,4.5,9.4,3,26,(X),22.4,(X),29.3,(X),43601,1622,43700,1834,-,**,45170,8621,38125,33950,44444,14949,33529,18276,37500,11308,32917,8384,44429,1965,32037,10703,45000,6835,53986,5453,34954,2040,53117,4021,41736,2894,58237,4949,63491,3496,27550,3508,36016,16115,29425,3607,24639,2726,22323,2728,44563,22261,36101,2757,35509,4354,39205,5228,(X),(X),(X),(X),(X),(X)
0500000US41067,41067,"Washington County, Oregon",35906,70245,76630,40951,2582,1404,1953,1810,1937.25,55933,77351,1462,200160,1056,82.9,0.4,1.6,0.1,0.9,0.1,7.6,0.2,0.4,0.1,4.3,0.3,2.2,0.2,9.6,0.3,78.3,0.4,4.3,0.3,40.8,0.4,37.6,0.4,17.3,0.3,134176,1282,50,0.6,50,0.6,79,0.8,15,0.7,5.9,0.5,65984,1204,54.3,1,44,1,10.3,0.9,45.7,1,32.2,1.2,13.4,0.8,18.6,(X),18.4,(X),17.4,(X),64375,728,65557,880,59463,7783,45706,3730,79486,4032,54787,22369,38775,2017,64275,7073,42588,2466,66708,917,35906,2582,70245,1404,76630,1953,40951,1810,77351,1462,75834,2065,78617,1928,89273,1786,36049,1744,48592,4495,40545,1160,35174,982,31792,836,55088,5202,49472,2480,43180,1921,70432,3908,(X),(X),(X),(X),(X),(X)
0500000US41069,41069,"Wheeler County, Oregon",-,37273,43250,30859,**,17478,7809,3345,9544,37127.33333,46250,5845,626,49,95.5,2.2,0,5.4,1,0.9,0.2,0.3,0,5.4,0.6,0.6,2.7,2.2,1,0.9,95.2,2.3,0.3,0.6,16.9,4.2,41.1,5.5,41.7,5.4,397,41,22.2,5.9,77.8,5.9,86.9,4.8,8.1,3.7,5,3.9,229,39,59,9,57.2,9.1,1.7,1.9,41,9,39.3,9.1,1.7,2.5,27.6,(X),32,(X),20.1,(X),36357,2565,36214,2524,-,**,16250,7273,"2,500-",***,-,**,61250,11356,180469,229152,61250,12520,36143,2509,-,**,37273,17478,43250,7809,30859,3345,46250,5845,50417,12088,45673,7147,47404,7360,22500,24123,41250,193732,23750,3572,24417,2595,24327,6026,106250,227263,21667,6389,21111,5558,187500,156313,(X),(X),(X),(X),(X),(X)
0500000US41071,41071,"Yamhill County, Oregon",25833,56922,66241,36925,9187,3803,3694,1843,4631.75,46480.25,62914,2324,33920,480,90.9,0.9,0.3,0.1,1.2,0.3,1.2,0.4,0.1,0.1,4.5,0.8,1.9,0.5,9.1,0.8,86.9,0.9,3.7,0.6,33.2,1,39.1,1,24,0.8,24862,627,44.8,1.7,55.2,1.7,78.5,1.7,14.6,1.6,6.8,1.2,9058,511,56.9,3,47.5,3.1,9.4,2.2,43.1,3,32.7,2.6,10.4,2,20.6,(X),20.6,(X),18,(X),53950,2043,55244,2320,77292,84434,39130,14510,55021,7378,101500,58683,42841,15029,48056,14540,41341,7440,55812,2328,25833,9187,56922,3803,66241,3694,36925,1843,62914,2324,58708,3697,64997,2155,72846,3136,30796,3548,34550,7530,29688,2783,23489,3642,21444,2270,43667,7954,41054,5353,36860,5036,57393,5759,(X),(X),(X),(X),(X),(X)
1400000US16027020100,16027020100,"Census Tract 201, Canyon County, Idaho",-,29167,14766,16696,**,19076,5427,3970,9491,20209.66667,35682,19100,535,59,97.9,3.1,2.1,3.1,0,5.9,0,5.9,0,5.9,0,5.9,0,5.9,11.4,8,88.6,8,4.7,7,34.4,8.9,31.6,10.6,29.3,9.1,228,51,33.3,15.1,66.7,15.1,57.9,19.4,27.2,16.6,14.9,14.6,307,69,49.2,13,41,11.2,8.1,11.9,50.8,13,45,12.8,5.9,5.6,12.3,(X),11,(X),13.4,(X),18815,2731,18578,2904,-,**,-,**,-,**,-,**,-,**,-,**,18906,14931,18800,2911,-,**,29167,19076,14766,5427,16696,3970,35682,19100,25875,9094,45948,18742,46810,14114,14000,4901,14524,17397,14880,4030,18275,1244,17800,2752,-,**,11696,2874,11696,2828,28750,70341,(X),(X),(X),(X),(X),(X)
1400000US16027020200,16027020200,"Census Tract 202, Canyon County, Idaho",28929,23424,26250,17222,17262,3877,5612,5598,8087.25,23956.25,21380,2410,1370,122,80.1,7.1,2.3,3.4,2.3,3.4,0,2.3,0,2.3,11.8,4.7,3.4,3.6,39.2,7.6,55.5,7.5,13.9,6,41,8,32.8,7.4,12.3,2.8,1018,152,66.6,8.3,33.4,8.3,53.3,9.5,37.5,9.7,9.1,6,352,94,45.2,14.4,35.2,12.9,9.9,10.5,54.8,14.4,32.7,15.5,22.2,14.2,22.3,(X),21.4,(X),17.3,(X),22888,3795,24837,3786,-,**,-,**,-,**,-,**,20227,4575,19054,4806,21537,3103,25261,4755,28929,17262,23424,3877,26250,5612,17222,5598,21380,2410,19309,5303,22292,11623,22432,13015,14167,4903,26573,18276,19474,6033,13750,9103,9808,5361,38869,18345,24063,13952,18795,1051,45000,13227,(X),(X),(X),(X),(X),(X)
1400000US16027020300,16027020300,"Census Tract 203, Canyon County, Idaho",27373,32750,27991,27292,2169,9748,8777,24969,11415.75,28851.5,31786,4407,1521,122,93.8,3.5,0.5,0.9,0.7,1.1,0.4,0.7,0,2.1,3.6,2.7,1.1,1.1,27.4,8.7,71.5,8.5,17.2,6.8,33.1,6,37.5,6.6,12.2,3.4,788,130,60.4,8.1,39.6,8.1,60.2,8.5,31.9,7.8,8,4.6,733,134,50.8,12.7,40.2,12.4,10.5,7.7,49.2,12.7,31,12.6,18.3,11.4,18.1,(X),22,(X),10.1,(X),29296,1923,29365,2444,-,**,-,**,-,**,-,**,28889,32345,67639,111087,28016,1834,31444,4120,27373,2169,32750,9748,27991,8777,27292,24969,31786,4407,29321,2639,41389,9830,38214,7189,27945,2868,38523,21939,25653,5488,21269,3059,20392,3272,35529,16893,28117,2653,25149,6649,29632,16244,(X),(X),(X),(X),(X),(X)
1400000US16027020401,16027020401,"Census Tract 204.01, Canyon County, Idaho",35257,40560,40000,27188,15573,10195,9044,7857,10667.25,35751.25,37724,6658,2873,185,93.2,3.9,1.1,1.8,2.5,1.9,0,1.1,0,1.1,0.9,1.5,2.3,2,18.1,6.1,78,6.6,9,4.5,46.3,5.8,31,4.8,13.7,2.9,2137,252,58.7,5.7,41.3,5.7,75.5,7.7,20.4,8.1,4.1,3,736,157,59.6,15.1,45,13,14.7,9.1,40.4,15.1,26.2,13.1,14.1,12,12.7,(X),14.2,(X),8.3,(X),35671,4325,36415,4543,-,**,23015,19414,-,**,-,**,-,**,38125,16640,33750,10539,37564,6252,35257,15573,40560,10195,40000,9044,27188,7857,37724,6658,39135,7643,36202,12693,41393,5735,23580,10913,25152,3011,29184,6004,23560,3765,20396,8792,58750,25840,33597,9784,29764,6304,55047,12040,(X),(X),(X),(X),(X),(X)
1400000US16027020402,16027020402,"Census Tract 204.02, Canyon County, Idaho",13625,47188,38723,35694,7115,5993,9398,11712,8554.5,33807.5,47693,5556,1905,130,91.6,3.9,0,1.7,1.6,1.7,0.9,1.5,0,1.7,2.8,2.4,3.1,3,11.8,5.1,83.3,5.8,5.2,3.2,32.8,6,38.2,5.2,23.8,4.3,1243,158,57.2,7.7,42.8,7.7,84,7.5,11.7,6.1,4.3,4,662,154,62.4,11.5,55.7,11.9,6.6,5.5,37.6,11.5,35.2,11.2,2.4,3.9,21.3,(X),20.6,(X),22.7,(X),39345,7415,40925,9303,-,**,29904,93736,-,**,-,**,18177,5336,135042,226596,25709,12183,44079,8650,13625,7115,47188,5993,38723,9398,35694,11712,47693,5556,47734,5040,42368,22385,48618,3114,19773,10379,43092,8671,20385,13685,22212,20153,20801,12599,34808,30993,12107,27018,11536,19875,-,**,(X),(X),(X),(X),(X),(X)
1400000US16027020501,16027020501,"Census Tract 205.01, Canyon County, Idaho",38194,60550,37813,33478,46121,23718,18614,16378,26207.75,42508.75,44714,6992,1243,66,91.2,6.9,0,2.6,7.5,7,0,2.6,0,2.6,0.6,1,0.6,1.1,16.2,6.1,75.7,10.1,3.1,2.4,46.7,6.4,29.7,6.8,20.4,4.4,933,126,50.9,8,49.1,8,77.9,11.6,14,8.6,8,7.8,310,102,44.2,18.9,36.5,19.2,7.7,9.2,55.8,18.9,33.5,20.9,22.3,17.4,29.8,(X),35.7,(X),11.9,(X),45218,7008,43750,10864,-,**,143510,596,-,**,-,**,-,**,-,**,30906,41587,45160,5909,38194,46121,60550,23718,37813,18614,33478,16378,44714,6992,36319,9265,54038,13336,52636,14705,25536,5993,36745,1873,32051,7077,28750,10125,26650,8344,68750,55276,32276,28231,31923,24681,61058,90285,(X),(X),(X),(X),(X),(X)
1400000US16027020503,16027020503,"Census Tract 205.03, Canyon County, Idaho",-,57885,50560,40385,**,39089,29045,10189,26107.66667,49610,52941,10363,998,93,92.8,6.2,3.2,4.8,1.1,1.9,0,3.2,0,3.2,0,3.2,2.9,3.3,8,6.4,84.8,7.5,4.3,6.1,29.7,4.9,35.6,7.8,30.5,4.8,728,102,43.3,8.6,56.7,8.6,85.4,8.3,11,6.4,3.6,4.3,270,96,40,21.6,38.5,21.2,1.5,4.2,60,21.6,60,21.6,0,11.3,16.1,(X),17.3,(X),13,(X),43409,10914,45000,11909,-,**,-,**,-,**,-,**,-,**,90083,49932,12326,13834,46722,8542,-,**,57885,39089,50560,29045,40385,10189,52941,10363,58173,31770,51336,9719,55000,13529,14931,104480,25588,30584,14703,7356,15227,6149,14953,5303,-,**,12384,15456,12384,15456,-,**,(X),(X),(X),(X),(X),(X)
1400000US16027020504,16027020504,"Census Tract 205.04, Canyon County, Idaho",33158,22992,28426,17150,7880,9525,13739,5861,9251.25,25431.5,26651,6984,2020,163,89.4,5.9,0,1.6,2.5,2.1,0.3,0.7,0,1.6,2,2.6,5.8,4.5,17,6.3,75.4,7.6,20.4,6.3,39.5,7.8,25,6.2,15.2,3.5,1215,204,64.4,10.9,35.6,10.9,37.9,11.5,39.7,12,22.5,10.9,805,185,53.5,14,39.3,12.7,14.3,10.2,46.5,14,29.6,14.5,16.9,10.4,15.5,(X),13.1,(X),19.3,(X),25192,4805,25272,5022,-,**,19348,5560,-,**,-,**,17865,14074,33720,30125,28090,8342,24077,4839,33158,7880,22992,9525,28426,13739,17150,5861,26651,6984,21928,6635,40733,9668,37778,13207,15638,5972,33531,9884,16066,3314,13902,4538,14015,3739,12425,39561,18587,18967,15885,2953,29434,18776,(X),(X),(X),(X),(X),(X)
1400000US16027020601,16027020601,"Census Tract 206.01, Canyon County, Idaho",63413,47893,48750,33158,29418,6189,15822,16105,16883.5,48303.5,46705,4866,1542,80,88.8,7,0,2.1,0,2.1,4,5.3,0,2.1,3.6,2.9,3.6,2.7,15.2,5,79.2,6.9,2.1,2.6,54,5.8,28.8,4.9,15,4.3,1233,124,63.1,8.1,36.9,8.1,74.9,8.8,24.4,8.7,0.7,1.2,309,122,77,18.3,65.7,19.6,11.3,11.3,23,18.3,16.2,16.1,6.8,10,11.5,(X),9.9,(X),17.8,(X),44959,4080,47227,5142,-,**,-,**,31412,4226,-,**,23516,1764,29732,96344,23438,7439,49671,6415,63413,29418,47893,6189,48750,15822,33158,16105,46705,4866,47857,4911,44030,13694,55639,10442,14413,19468,-,**,31134,11229,30417,9738,30301,9388,38281,58933,43792,24507,42917,45322,-,**,(X),(X),(X),(X),(X),(X)
1400000US16027020602,16027020602,"Census Tract 206.02, Canyon County, Idaho",26230,31712,45486,26472,1156,19526,28980,2898,13140,32475,36418,9355,2551,174,94.7,3.6,0,1.3,0.5,0.7,0,1.3,0,1.3,2.9,2.8,1.9,1.9,20.5,8,77.5,7.9,9.1,6.8,35.3,6.5,30.5,5.4,25,3.6,1788,173,50.2,7.5,49.8,7.5,70.7,8.6,21.8,8.4,7.5,5.7,763,197,56.5,16.8,53.2,16.4,3.3,3.9,43.5,16.8,38.8,17.6,4.7,5.2,24.7,(X),23.5,(X),26,(X),30750,7592,30464,11021,-,**,-,**,-,**,-,**,31875,1821,26513,11327,26616,3142,37831,5922,26230,1156,31712,19526,45486,28980,26472,2898,36418,9355,24479,19745,40375,11334,44487,11511,18618,6342,32244,109109,25746,2013,25266,3892,24787,4446,48047,33795,26078,4748,25690,10471,39868,59980,(X),(X),(X),(X),(X),(X)
1400000US16027020700,16027020700,"Census Tract 207, Canyon County, Idaho",-,60016,62898,50050,**,12615,15653,43685,23984.33333,57654.66667,61410,4809,1183,92,96.3,4.7,0,2.7,0,2.7,0,2.7,0,2.7,0,2.7,3.7,4.7,8.8,4.5,91.2,4.5,0,2.7,27.8,7,55,7.4,17.2,4.2,937,101,38.4,5.5,61.6,5.5,84.7,8.4,4.6,4.3,10.7,7.3,246,103,30.9,21.9,30.9,21.9,0,12.4,69.1,21.9,30.5,26.2,38.6,25.8,20,(X),21.8,(X),13.4,(X),54959,10321,54361,7745,-,**,-,**,-,**,-,**,-,**,-,**,61731,13246,54470,7971,-,**,60016,12615,62898,15653,50050,43685,61410,4809,56111,11469,64489,5331,63750,5618,51250,2340,27344,101023,34527,12347,13333,17654,13333,17654,-,**,40427,11030,19732,28528,41921,91079,(X),(X),(X),(X),(X),(X)
1400000US16027020901,16027020901,"Census Tract 209.01, Canyon County, Idaho",57222,64875,61544,38727,19544,6885,9756,12260,12111.25,55592,59601,5529,4071,208,96,2.2,0.3,0.7,0.3,0.5,0.5,0.7,0,0.8,1.5,1.5,1.3,1.2,12.6,4.8,85.7,4.6,1.1,0.9,44.5,4.2,32.6,3.6,21.8,4.1,3216,190,56.6,4.2,43.4,4.2,80.7,5.6,15.3,5.2,4,2.5,855,226,51.5,16.7,41.9,17.1,9.6,7.9,48.5,16.7,36,15.4,12.5,12.5,23.3,(X),24.4,(X),19.1,(X),58421,5908,58974,6078,-,**,-,**,-,**,-,**,54618,20043,28690,18780,51143,7496,62688,5459,57222,19544,64875,6885,61544,9756,38727,12260,59601,5529,61122,8270,57633,8763,64669,11011,35129,12375,61535,1324,29028,19862,20552,6107,17273,5030,73418,10497,44448,31325,33837,17402,67058,29398,(X),(X),(X),(X),(X),(X)
1400000US16027020902,16027020902,"Census Tract 209.02, Canyon County, Idaho",50461,54590,63047,51142,20689,7796,5336,7210,10257.75,54810,57443,4817,4365,194,92.8,2.9,0.3,0.5,0.7,1,1.4,1,1.1,1.2,3.6,2.3,0.1,0.2,12.7,2.9,84.7,3.5,1.4,1.6,44.7,3.9,36.5,3.4,17.4,3.3,3819,226,48.8,4.8,51.2,4.8,83.9,5.4,13.8,4.5,2.4,2.1,546,162,57.5,16.6,46,16.7,11.5,8.8,42.5,16.6,39.6,16.8,2.9,4.8,18.4,(X),17.8,(X),18.3,(X),56740,4471,58014,3910,-,**,82647,126710,65821,57676,17069,69066,38583,29167,-,**,49068,11287,57620,4969,50461,20689,54590,7796,63047,5336,51142,7210,57443,4817,56092,5037,61141,10064,62310,5561,30082,21131,43382,33363,34803,8797,36842,22042,17219,28851,85515,73673,34342,9610,34500,11996,-,**,(X),(X),(X),(X),(X),(X)
1400000US16027021001,16027021001,"Census Tract 210.01, Canyon County, Idaho",42679,46621,44365,33717,32775,4491,3531,5652,11612.25,41845.5,46107,3023,3827,281,92.2,4.3,0,0.8,0.8,0.8,1.3,1.3,0,0.8,2.5,1.8,3.4,3.6,24.4,4.5,71.5,6,5.2,2.9,51.1,5.3,30.6,4.8,13.1,2.3,3107,278,60.7,6.8,39.3,6.8,75.8,6.4,17.2,5.7,7,3.3,720,191,48.2,12.8,36.5,12.9,11.7,9.7,51.8,12.8,35.4,13.2,16.4,10.3,19,(X),16.9,(X),22.4,(X),44665,2665,44385,2943,-,**,7417,53576,15833,33304,-,**,47115,46683,46038,11489,41269,7679,45084,5307,42679,32775,46621,4491,44365,3531,33717,5652,46107,3023,46202,2806,45778,6451,51634,4220,26991,16348,38900,15301,25481,7591,16365,2177,15378,1743,19375,2302,44174,6705,42701,11262,56793,47271,(X),(X),(X),(X),(X),(X)
1400000US16027021002,16027021002,"Census Tract 210.02, Canyon County, Idaho",43155,42767,40910,32865,20245,4851,4406,4580,8520.5,39924.25,43388,2267,3150,242,97.3,2.1,0,1,0,1,1,1.5,0,1,0.7,0.9,1,1.2,10.8,3.5,87.9,3.8,1,0.9,36.7,4.5,27.4,4.4,34.9,4.8,2240,247,43.8,7.7,56.2,7.7,83.6,5.9,12.5,5,3.8,3.5,910,172,59.2,12.4,55.6,12.9,3.6,4.1,40.8,12.4,35.4,13.1,5.4,6.2,18.3,(X),21,(X),11.8,(X),39389,3635,40006,3715,-,**,-,**,-,**,-,**,16964,6286,39318,1818,31713,6441,40894,2604,43155,20245,42767,4851,40910,4406,32865,4580,43388,2267,41705,4754,44563,4095,44944,7791,32179,6119,19355,49104,24466,3750,21707,3767,20913,3935,25208,2039,35551,8925,33750,12733,75458,68125,(X),(X),(X),(X),(X),(X)
1400000US16027021100,16027021100,"Census Tract 211, Canyon County, Idaho",40962,57031,57056,35785,12327,3574,12742,6911,8888.5,47708.5,55538,5844,4638,306,94,2.6,0.5,0.8,0.3,0.5,1.1,0.9,0,0.7,2.5,1.5,1.6,1.7,14.1,3.4,83.5,3.6,5.2,2.6,51.7,4.8,30.6,4.3,12.5,2.7,3680,313,59.5,4.3,40.5,4.3,78.9,4.7,14.4,4.2,6.7,3.7,958,202,56.2,13.7,47.5,13,8.7,8.2,43.8,13.7,39.7,13.9,4.2,4.2,13.3,(X),13.6,(X),8,(X),55110,3671,55080,3676,-,**,-,**,90395,38702,-,**,62692,45182,39495,29750,50000,19278,54932,3979,40962,12327,57031,3574,57056,12742,35785,6911,55538,5844,49135,10468,60307,7236,59768,4288,30909,6874,50491,36698,40217,18701,30240,17185,30313,15113,"2,500-",***,48452,18255,44265,20013,57321,31203,(X),(X),(X),(X),(X),(X)
1400000US16027021200,16027021200,"Census Tract 212, Canyon County, Idaho",14355,25875,46500,37984,16151,17661,12165,6448,13106.25,31178.5,38630,3688,2469,187,92.5,3.8,0,1.3,0,1.3,1.6,2.6,0,1.3,3.3,2.4,2.6,2.1,26.3,6.6,70,7.1,10.6,6.6,32.9,6.4,36.9,5.7,19.5,4,1748,217,46.7,8.2,53.3,8.2,73.2,7.1,19.1,5.5,7.8,5,721,188,58.8,16.6,49.2,14.9,9.6,8.8,41.2,16.6,33.1,15.8,8,10.1,18.3,(X),18.4,(X),18,(X),36193,4844,37398,4575,-,**,-,**,-,**,-,**,28843,14064,9331,14251,14865,13870,42596,5742,14355,16151,25875,17661,46500,12165,37984,6448,38630,3688,19643,32744,44231,7474,41612,6447,25439,17627,38036,9857,17005,9176,20660,14242,14330,14438,58780,2490,16276,22876,14876,1710,65852,40380,(X),(X),(X),(X),(X),(X)
1400000US16027021300,16027021300,"Census Tract 213, Canyon County, Idaho",9650,28500,25697,14583,120922,10670,9354,2614,35890,19607.5,26967,6493,885,97,95.8,3.1,1.1,1.4,0.7,1.2,0,3.6,0,3.6,2.4,2.4,0,3.6,61.1,8.5,37.6,8.6,6.4,6.5,43.8,7.6,35.4,8.7,14.4,2.8,584,121,62.8,12,37.2,12,63.9,15.3,32.7,15.4,3.4,3.7,301,98,47.5,15.2,41.2,15.2,6.3,9.1,52.5,15.2,36.9,19,15.6,14.2,16.3,(X),12.2,(X),20.6,(X),26259,2873,26322,2543,21250,21121,"2,500-",***,-,**,-,**,22188,34910,-,**,26814,2232,18472,8485,9650,120922,28500,10670,25697,9354,14583,2614,26967,6493,26619,5818,30313,14516,33839,11382,19292,9777,36071,35522,23542,16204,12660,2790,11800,2952,-,**,26354,984,25986,7165,27313,39912,(X),(X),(X),(X),(X),(X)
1400000US16027021500,16027021500,"Census Tract 215, Canyon County, Idaho",11000,29135,27440,25733,4346,18489,12441,1364,9160,23327,30481,11955,1865,159,91.7,4.1,0.8,1.3,1,1.1,0.3,0.6,0,1.7,3.2,2.2,3.1,2.8,18.9,4.1,75.4,4.5,17.5,6.8,24.3,5.5,30.4,5.1,27.8,4.9,1025,140,43,10.4,57,10.4,55.2,11.6,32.3,12.1,12.5,7.4,840,149,45.5,11.4,39.6,11,5.8,7.6,54.5,11.4,39.8,12,14.8,9.4,11.7,(X),12.4,(X),10.8,(X),23234,5014,24484,4628,-,**,16731,34540,-,**,-,**,27031,12077,11549,1359,28199,21383,24022,4404,11000,4346,29135,18489,27440,12441,25733,1364,30481,11955,20331,11487,42167,14956,45750,9140,17813,14238,25673,13888,15255,3339,14541,4099,14779,6365,14414,31781,17500,5611,18556,5115,11793,7674,(X),(X),(X),(X),(X),(X)
1400000US16027021600,16027021600,"Census Tract 216, Canyon County, Idaho",31623,34323,40379,19009,3763,12877,8009,12886,9383.75,31333.5,42750,8729,1662,155,97.1,2.1,0,1.9,0,1.9,1,1.4,0,1.9,0.6,0.9,1.3,1.4,21.1,6.6,76.7,7,8.4,6.9,22,7.2,33.3,7.9,36.3,6.6,966,148,46.1,8.9,53.9,8.9,73.7,11.2,18.5,10.9,7.8,6,696,140,63.9,12.9,57,12.3,6.9,5.3,36.1,12.9,26.1,11.4,9.9,7.7,26.7,(X),22.3,(X),32.9,(X),32333,2949,32283,2781,-,**,-,**,-,**,-,**,-,**,31250,13863,30475,12017,37802,6829,31623,3763,34323,12877,40379,8009,19009,12886,42750,8729,32490,17329,45583,7970,50323,8160,16563,11940,20365,11320,16944,9634,13854,10995,11675,5653,90667,36479,20313,15822,10929,5494,34948,9624,(X),(X),(X),(X),(X),(X)
1400000US16027021700,16027021700,"Census Tract 217, Canyon County, Idaho",14333,41217,50389,35313,37695,8166,11557,7599,16254.25,35313,46959,4709,3673,266,93.7,2.5,0.5,0.8,0.4,0.7,1,1.2,0,0.9,2.7,2,1.6,1.6,21.9,4.5,75.6,4.4,3.3,2.3,43.7,4,32.5,3.8,20.5,2.9,2575,248,49.4,5.5,50.6,5.5,69.2,6.7,22.1,6.5,8.7,4.1,1098,258,42.3,9.7,35.3,8.6,6.9,5.4,57.7,9.7,50.1,11.5,7.7,7.7,15.1,(X),18.7,(X),6.7,(X),41600,4331,40893,4602,-,**,-,**,-,**,-,**,46688,19005,45909,51512,45907,3819,39563,6635,14333,37695,41217,8166,50389,11557,35313,7599,46959,4709,40374,10215,52401,7642,60545,9286,30327,2491,27375,10139,27957,4990,20968,5947,18824,5713,28500,21813,33214,9724,30926,7653,68306,19342,(X),(X),(X),(X),(X),(X)
1400000US16027021800,16027021800,"Census Tract 218, Canyon County, Idaho",-,54821,67097,41371,**,12285,14726,9012,12007.66667,54429.66667,61250,8195,2073,166,93.2,3.8,0,1.6,0,1.6,1.2,1.3,0,1.6,4.2,2.8,1.4,1.3,10.6,3.2,86.8,3.9,0,1.6,28,4.9,47.5,5.8,24.5,3.5,1735,155,40.4,5,59.6,5,86.9,4.3,11.1,3.8,2,2.1,338,112,50.9,17.1,41.7,15,9.2,8.6,49.1,17.1,32,17.2,17.2,15.4,23.2,(X),19,(X),43.2,(X),56858,5448,57622,5642,-,**,-,**,65250,11256,-,**,28796,31205,49000,53844,43788,11261,58316,5566,-,**,54821,12285,67097,14726,41371,9012,61250,8195,68594,13164,57432,5450,69087,11692,27614,20779,30938,40002,29175,1140,30000,8029,26477,12722,73203,52107,29096,783,29619,1299,28214,1733,(X),(X),(X),(X),(X),(X)
1400000US16027021901,16027021901,"Census Tract 219.01, Canyon County, Idaho",29458,57975,40688,27279,15966,6874,14699,12301,12460,38850,55688,7967,1684,193,93.1,3.9,0,1.9,1.9,2.5,1.1,1.2,0,1.9,0.7,1.1,3.3,3.9,4.7,3.6,89,4.7,7.3,4.6,39.4,6.6,39.6,5.3,13.7,3.7,1209,139,60,6.3,40,6.3,84.6,5.9,11.7,4.6,3.6,3.5,475,126,49.7,12.8,37.7,10.3,12,11.3,50.3,12.8,45.1,14.2,5.3,6.5,16.1,(X),11,(X),27.6,(X),42364,7486,42068,7303,-,**,-,**,17045,250541,-,**,-,**,88511,25464,87768,48818,41159,6647,29458,15966,57975,6874,40688,14699,27279,12301,55688,7967,51750,9323,58530,5894,57750,7421,29375,21003,60109,32858,24222,5568,22407,4174,19740,3712,60404,57572,28618,8667,24655,9203,41563,24254,(X),(X),(X),(X),(X),(X)
1400000US16027021903,16027021903,"Census Tract 219.03, Canyon County, Idaho",-,72763,67039,47885,**,22063,11463,13445,15657,62562.33333,68196,9765,3213,167,98.1,2.2,0,1,0,1,0,1,0,1,1.2,1.9,0.7,1.1,7.5,3.3,91.7,3.7,0.9,1.3,33,3.7,48.4,4.7,17.7,3.9,2665,227,48.9,5.1,51.1,5.1,86.6,5.6,5.9,4,7.6,4.2,548,175,47.8,14,38.3,14.6,9.5,8.7,52.2,14,37,14.8,15.1,10.2,23,(X),25.1,(X),11.1,(X),64029,7798,64215,8088,-,**,-,**,-,**,-,**,22738,29577,-,**,60023,57357,68911,10046,-,**,72763,22063,67039,11463,47885,13445,68196,9765,64156,14967,70250,14398,76125,10622,9315,6816,60841,23944,49677,16508,40577,17637,37273,11870,81146,50484,52386,25009,36938,28665,78977,22415,(X),(X),(X),(X),(X),(X)
1400000US16027021904,16027021904,"Census Tract 219.04, Canyon County, Idaho",11667,38125,35625,33036,45825,10957,17823,8000,20651.25,29613.25,37525,6581,995,125,94.2,3.5,0,3.2,1.5,2.2,0,3.2,0,3.2,1.6,1.1,2.7,2.9,27,6.4,70.5,6.5,0.4,0.6,39.8,6.4,41.7,6.3,18.1,5.1,813,109,53.3,6.7,46.7,6.7,75.3,7.2,23.4,7.6,1.4,1.8,182,58,46.2,14.7,36.3,13.7,9.9,8.8,53.8,14.7,39,14.1,14.8,13.4,33,(X),36,(X),19.2,(X),35813,6140,37670,3933,-,**,6339,519,-,**,-,**,21667,12223,28672,7652,20208,8570,39698,9111,11667,45825,38125,10957,35625,17823,33036,8000,37525,6581,29031,9874,47778,10590,46250,10412,13654,12068,53594,2858,29167,14047,15625,13403,13462,3866,50833,42738,39038,8644,34464,10884,52614,29445,(X),(X),(X),(X),(X),(X)
1400000US16027022100,16027022100,"Census Tract 221, Canyon County, Idaho",35278,35646,40500,26364,25376,4310,12327,4702,11678.75,34447,36338,5990,1613,120,92.3,4.9,0,2,0,2,0.8,0.9,2.5,4.5,0.6,0.8,3.8,2.7,10.2,3.6,85.2,5.3,3.8,2.8,29.2,4.3,40.8,5.1,26.2,3.5,1197,117,37.8,6.8,62.2,6.8,81.5,5.4,15.9,5.1,2.7,2.1,416,92,42.5,10.5,32,9.2,10.6,8.6,57.5,10.5,46.9,11.6,10.6,6.5,21.9,(X),21.8,(X),18.5,(X),33843,5156,35421,4420,-,**,-,**,20694,4440,-,**,40714,17169,22208,85535,30368,11101,35809,4008,35278,25376,35646,4310,40500,12327,26364,4702,36338,5990,31795,6074,39712,5466,41648,8465,23696,4554,36000,8372,23077,9727,17396,4193,17031,4415,23125,66615,34716,8982,33011,23368,61250,39521,(X),(X),(X),(X),(X),(X)
1400000US16027022200,16027022200,"Census Tract 222, Canyon County, Idaho",22563,44886,51410,29896,7162,5371,8068,6366,6741.75,37188.75,44618,4205,1587,115,91.9,2.5,0,2,1.7,1.2,0,2,0,2,4.5,1.9,1.9,1.6,25.8,4.2,71.6,4,3,2.6,28.2,4.6,44,7,24.8,5.1,1257,105,44.6,6,55.4,6,74.6,6.3,11.5,4.4,13.8,5.7,330,77,49.1,12.2,40,14.8,9.1,12.5,50.9,12.2,35.2,11.5,15.8,11,17.6,(X),15.4,(X),23.3,(X),42882,5008,45036,4474,-,**,26250,3099,-,**,-,**,39375,14427,17500,12939,26094,8362,52188,4367,22563,7162,44886,5371,51410,8068,29896,6366,44618,4205,36801,5845,47462,10432,46837,6303,22621,2456,45109,27046,32500,14445,28561,4600,27222,17567,28889,695,50000,26253,31154,12206,92614,33471,(X),(X),(X),(X),(X),(X)
1400000US16027022300,16027022300,"Census Tract 223, Canyon County, Idaho",43400,57917,59931,36563,7828,15743,15253,5165,10997.25,49452.75,53222,7249,1994,133,96,2.1,0,1.6,0,1.6,0.9,1.3,0.2,0.3,1.1,0.9,1.9,1.5,14.4,4.8,83.9,5.2,1.6,2,32,4.5,41.3,5.7,25.1,4.4,1671,133,44.9,4.8,55.1,4.8,90,3.7,8,3.4,2,1.5,323,88,44.6,13.1,40.2,12.8,4.3,4.1,55.4,13.1,49.2,14.1,6.2,5.8,24.2,(X),23.9,(X),19.2,(X),51163,7381,51715,6870,-,**,-,**,-,**,-,**,26250,9263,33125,33106,25577,8330,54648,6979,43400,7828,57917,15743,59931,15253,36563,5165,53222,7249,52694,16112,54135,7952,55603,10973,38362,7448,32188,17871,23750,8872,16250,13465,13500,12829,34167,47587,33477,8677,33631,16990,33182,6593,(X),(X),(X),(X),(X),(X)
1400000US16027022400,16027022400,"Census Tract 224, Canyon County, Idaho",-,59643,54758,42188,**,3620,17521,10658,10599.66667,52196.33333,57321,8673,1507,103,99.1,1.6,0,2.1,0,2.1,0,2.1,0,2.1,0.9,1.6,0,2.1,7.7,4.9,92.3,4.9,0.9,1.4,28.5,5.7,45.7,5.6,25,4,1201,114,44,6.7,56,6.7,86.8,6.8,8.6,5.5,4.6,4,306,99,27.5,13.1,27.5,13.1,0,10.1,72.5,13.1,59.2,16.4,13.4,11.1,21.6,(X),22.6,(X),17.6,(X),53990,4466,53766,4510,-,**,-,**,-,**,-,**,-,**,-,**,37833,15474,54824,5406,-,**,59643,3620,54758,17521,42188,10658,57321,8673,64028,16738,49375,7287,60601,7188,18859,18950,81484,89257,43571,22860,25227,20268,25227,20268,-,**,54423,9692,53878,9766,64018,27928,(X),(X),(X),(X),(X),(X)
1400000US16075960100,16075960100,"Census Tract 9601, Payette County, Idaho",11183,29545,53462,34208,930,27310,5248,11458,11236.5,32099.5,52904,7091,2100,197,92.2,4,0,1.5,2,2,0.6,0.9,0,1.5,3.3,2.9,1.9,1.7,14.4,4.4,82.8,4.8,4,3.2,29,4.9,35.7,6,31.2,5,1470,150,38.7,7,61.3,7,80.8,7.3,16.3,6.7,2.9,2.9,630,164,72.2,11.3,67.3,12.5,4.9,5.6,27.8,11.3,22.5,10.6,5.2,5.9,22.5,(X),21.5,(X),21.4,(X),40156,7535,43299,7987,-,**,33750,11336,-,**,-,**,17500,2581,7019,24664,21857,4516,46426,7355,11183,930,29545,27310,53462,5248,34208,11458,52904,7091,48092,23346,54707,4962,56154,4082,24722,8876,24444,70496,15192,6883,14340,8966,14514,9222,9653,27330,18371,7053,14457,23395,-,**,(X),(X),(X),(X),(X),(X)
1400000US16075960200,16075960200,"Census Tract 9602, Payette County, Idaho",11544,35086,46821,24000,7088,3914,8545,6410,6489.25,29362.75,34203,6979,1289,120,88.8,4.5,0,2.5,1.9,2.3,1.7,1.8,0.5,0.8,1.6,1.8,5.5,3.2,9.7,5.4,82.6,6.2,8.4,5,35.8,7.3,36.1,7.7,19.7,4.8,943,103,45.4,8.5,54.6,8.5,62.7,7.9,24.5,7.9,12.8,6.9,346,111,45.4,14.7,37.9,14,7.5,7.1,54.6,14.7,47.7,15.4,6.9,6.9,23,(X),24.9,(X),11.3,(X),34583,4777,34528,4806,-,**,"2,500-",***,60781,69850,-,**,38750,9054,47772,52614,38036,25481,34033,5006,11544,7088,35086,3914,46821,8545,24000,6410,34203,6979,31129,7587,38365,11869,43750,9937,15156,9388,42464,32915,25000,13636,28105,13137,19402,14837,50417,66604,21250,23298,19531,22710,38929,316387,(X),(X),(X),(X),(X),(X)
1400000US16075960300,16075960300,"Census Tract 9603, Payette County, Idaho",-,62588,55857,26149,**,13646,5119,3936,7567,48198,58880,8442,3053,207,92,3.5,0,1.1,0.5,0.7,0.8,0.8,0,1.1,2.5,1.8,4.3,2.8,9.5,3.3,85.8,3.7,0,1.1,29.6,4.1,40.9,4.4,29.4,4.1,2143,179,51,6.1,49,6.1,80.1,7.4,14.9,6.4,5,3.8,910,212,57.1,9.7,55.3,9.7,1.9,2.8,42.9,9.7,39,10.3,3.8,4.3,24.2,(X),23.5,(X),22.9,(X),50439,6897,51614,9169,-,**,-,**,44712,11712,-,**,24688,53100,50052,37896,24063,15529,54429,7998,-,**,62588,13646,55857,5119,26149,3936,58880,8442,62333,10213,57333,12197,65811,11492,26167,29273,32279,36012,20673,10541,21923,12240,21106,12412,-,**,17833,12605,15563,11511,64931,247463,(X),(X),(X),(X),(X),(X)
1400000US16075960400,16075960400,"Census Tract 9604, Payette County, Idaho",21667,51214,49858,28098,20469,12874,4968,7974,11571.25,37709.25,50036,3148,1762,180,97.3,1.9,0,1.8,1.2,1.4,0,1.8,0,1.8,0,1.8,1.4,1.1,3.7,2.1,94.2,2.6,2.5,1.9,33.4,5.5,37.2,4.8,27,3.8,1288,150,44.2,5.7,55.8,5.7,83.5,5.4,14.9,5.4,1.6,1.4,474,132,51.3,12.3,45.6,11.5,5.7,5.6,48.7,12.3,30.8,11.1,17.9,13.1,20.3,(X),21.7,(X),16.2,(X),43214,5077,42701,4586,-,**,143625,500,-,**,-,**,-,**,52656,91376,29750,47631,42991,4814,21667,20469,51214,12874,49858,4968,28098,7974,50036,3148,50284,9606,49886,4102,52981,4132,28672,9584,30313,13741,30179,5997,25772,7756,22500,12441,32788,5659,36161,12318,33571,16053,36875,190040,(X),(X),(X),(X),(X),(X)
1400000US16087970100,16087970100,"Census Tract 9701, Washington County, Idaho",32000,41563,34779,27429,76741,14628,5246,2901,24879,33942.75,40764,4896,688,80,97.1,2.4,0,4.6,0,4.6,0,4.6,0,4.6,0,4.6,2.9,2.4,3.5,3,93.6,3.8,1.2,1.2,14.1,4.5,46.4,6.1,38.4,4.7,483,61,23.2,6.6,76.8,6.6,90.5,5.4,4.1,3.1,5.4,4.4,205,52,60.5,11.8,53.2,11.7,7.3,7.1,39.5,11.8,31.2,10.7,8.3,6.6,27.3,(X),29.2,(X),22.9,(X),33654,3930,34615,4056,-,**,-,**,-,**,-,**,-,**,20000,27081,73393,30851,33636,4425,32000,76741,41563,14628,34779,5246,27429,2901,40764,4896,45000,26605,40268,5265,39940,4410,37500,42124,72679,26760,21250,6687,20682,7215,17750,8646,36250,27010,25114,12545,16944,16217,32250,38277,(X),(X),(X),(X),(X),(X)
1400000US16087970200,16087970200,"Census Tract 9702, Washington County, Idaho",-,34531,51538,24135,**,13733,8889,6451,9691,36734.66667,49074,7275,1352,98,94.7,3.7,0,2.4,0.7,1.3,0.7,0.7,0,2.4,3.3,3.5,0.6,0.8,10.7,4.4,87.2,4.4,0,2.4,24.1,4.2,40.7,5.3,35.2,4.5,902,95,42.8,7.8,57.2,7.8,82.3,6.6,12.1,5.9,5.7,4.2,450,113,56.2,14.2,46,13.9,10.2,7.5,43.8,14.2,38,14.4,5.8,6.9,20.6,(X),20,(X),21.8,(X),36688,6826,40307,7023,-,**,-,**,12083,22020,-,**,"2,500-",***,-,**,32039,40240,37281,7200,-,**,34531,13733,51538,8889,24135,6451,49074,7275,51141,8397,46667,10378,52639,5804,13375,14681,41106,39305,18090,3197,14583,6308,13306,3477,61058,18165,23583,9553,19097,7848,31711,48592,(X),(X),(X),(X),(X),(X)
1400000US16087970300,16087970300,"Census Tract 9703, Washington County, Idaho",28551,36642,51979,24583,850,5884,4651,7031,4604,35438.75,45142,6469,1954,125,91.7,3.5,0,1.6,0,1.6,1.5,0.8,0,1.6,4.2,2.4,2.6,2.4,16.9,3.9,79,4.4,2.6,2.4,30.3,3.9,38,4.8,29.1,3.8,1397,133,52.1,5.9,47.9,5.9,66.5,7.7,28.9,7.8,4.6,3.6,557,109,48.5,10.8,41.3,11,7.2,5.8,51.5,10.8,41.7,11.8,9.9,8,20.8,(X),21.8,(X),17.2,(X),36842,3649,37268,4507,-,**,-,**,35250,11701,-,**,32358,6487,51285,6025,31175,2431,39451,7124,28551,850,36642,5884,51979,4651,24583,7031,45142,6469,36754,7870,49875,3426,52355,8116,30156,8092,48750,37267,21680,4287,18723,2749,17697,5232,28500,30318,24055,5077,23333,11572,24471,11282,(X),(X),(X),(X),(X),(X)
1400000US41045940000,41045940000,"Census Tract 9400, Malheur County, Oregon",-,-,-,-,**,**,**,**,#DIV/0!,#DIV/0!,-,**,0,12,-,**,-,**,-,**,-,**,-,**,-,**,-,**,-,**,-,**,-,**,-,**,-,**,-,**,0,12,-,**,-,**,-,**,-,**,-,**,0,12,-,**,-,**,-,**,-,**,-,**,-,**,-,(X),-,(X),-,(X),-,**,-,**,-,**,-,**,-,**,-,**,-,**,-,**,-,**,-,**,-,**,-,**,-,**,-,**,-,**,-,**,-,**,-,**,-,**,-,**,-,**,-,**,-,**,-,**,-,**,-,**,-,**,(X),(X),(X),(X),(X),(X)
1400000US41045970200,41045970200,"Census Tract 9702, Malheur County, Oregon",25500,46380,54861,34667,15770,9852,11771,15998,13347.75,40352,57721,6898,1819,119,88,4.2,0.3,0.5,2,1.7,1.8,1.3,0,1.9,5.8,3.1,2.1,1.9,17.9,5.3,78.2,5.4,1.3,1.4,25.1,5.2,41.5,4.9,32.1,3.8,1203,134,40.9,7.2,59.1,7.2,80,6.9,16.3,6.5,3.7,3.3,616,132,63.8,10.9,60.6,11.5,3.2,3.4,36.2,10.9,33.6,10.9,2.6,3.7,18.3,(X),13.2,(X),28.1,(X),45591,4700,46534,9590,-,**,100096,165550,70833,37933,-,**,37039,30471,45729,36409,35724,26364,49091,10825,25500,15770,46380,9852,54861,11771,34667,15998,57721,6898,45333,15758,64049,7866,63061,5674,21042,16982,64732,11495,23796,2670,22571,6504,20375,7076,44773,50538,37548,26368,37548,27299,51250,111454,(X),(X),(X),(X),(X),(X)
1400000US41045970300,41045970300,"Census Tract 9703, Malheur County, Oregon",28393,36023,43295,21731,22541,28897,16278,11703,19854.75,32360.5,44075,16178,1657,145,82.9,6.7,0.4,0.7,0.9,0.9,1.5,1.3,0,2.1,13.1,6.3,1.2,1.6,23.5,5.8,73.9,6.3,8.1,3.8,26.9,6,33.5,6.5,31.5,4.1,1011,136,47.7,8.6,52.3,8.6,66.3,9.1,22.1,8.2,11.7,7,646,130,64.1,11.4,58.7,12.7,5.4,5.4,35.9,11.4,28,11.4,7.9,6.5,23.2,(X),28,(X),15.6,(X),32038,4140,33864,7403,-,**,31875,295031,11736,2952,-,**,24975,21250,13654,12783,24528,21431,34773,6724,28393,22541,36023,28897,43295,16278,21731,11703,44075,16178,33438,13106,61838,17083,83971,14859,29107,18377,16544,20036,17135,6191,17188,9087,16276,4489,49688,51627,14792,11739,11546,2721,29464,136471,(X),(X),(X),(X),(X),(X)
1400000US41045970400,41045970400,"Census Tract 9704, Malheur County, Oregon",17000,25119,19417,20625,5408,16765,6517,7557,9061.75,20540.25,25742,12526,1756,130,81.8,6.6,1.8,3,0,2,0.9,0.8,0.2,0.3,12.5,5.2,2.9,2.1,42.7,7.3,54.7,7.4,10.9,4.4,36.3,7,37.6,6.3,15.1,4.3,1049,153,55.8,9.6,44.2,9.6,56.8,9.1,33.4,9.8,9.8,6.7,707,171,37.9,10.4,20.8,8.2,17.1,9.1,62.1,10.4,52.6,11.1,9.5,7.8,30.8,(X),25.8,(X),38.2,(X),19710,3242,19787,3702,-,**,-,**,9844,51405,-,**,20568,16142,30521,31825,20583,5124,19355,5415,17000,5408,25119,16765,19417,6517,20625,7557,25742,12526,17047,14668,31786,10836,35600,11927,11474,8153,16799,14406,18042,1970,18984,5088,18568,3692,40469,57434,15089,6932,12137,5751,21895,13507,(X),(X),(X),(X),(X),(X)
1400000US41045970500,41045970500,"Census Tract 9705, Malheur County, Oregon",49167,54090,53696,31125,89148,4136,8152,7215,27162.75,47019.5,51649,4070,1764,133,84.2,4.9,0.7,0.7,0.6,0.8,1.6,1.1,0,2,8.5,4,4.4,2.6,31.7,5,65.8,5.3,3.3,2.6,35.9,5.4,34.1,4.8,26.7,3.6,1424,137,50.2,5.9,49.8,5.9,83.4,4.5,10.9,4,5.8,3.1,340,99,48.5,13.2,45.3,13.5,3.2,4.5,51.5,13.2,49.7,13.4,1.8,3.2,29.9,(X),32.4,(X),19.7,(X),48046,5995,49940,4999,63750,5356,67917,13085,14917,20389,-,**,28636,1554,19250,2775,28864,4205,52279,5061,49167,89148,54090,4136,53696,8152,31125,7215,51649,4070,54646,4636,48526,3775,53762,2132,25156,23401,31250,26204,21140,1813,20033,9846,15417,8555,67708,34540,25208,19084,22292,20864,-,**,(X),(X),(X),(X),(X),(X)
1400000US41045970600,41045970600,"Census Tract 9706, Malheur County, Oregon",17500,46250,38603,26417,17871,6983,8789,6094,9934.25,32192.5,46287,5392,1458,148,94.1,3.3,0,2.4,0.8,1,2.9,3,0,2.4,1.4,1.2,0.8,1,13.1,4.5,85.3,4.6,5.1,4,29.4,6.4,36.3,4.5,29.2,3.9,1046,123,50.9,8.2,49.1,8.2,81.6,6,12.6,5.2,5.7,3.2,412,95,51.9,10.7,49.3,10.4,2.7,1.9,48.1,10.7,48.1,10.7,0,8.1,27.1,(X),25.6,(X),27.9,(X),36154,4754,35524,4989,-,**,26000,3177,41339,1138,-,**,45208,56606,51250,39689,39063,31394,35887,3699,17500,17871,46250,6983,38603,8789,26417,6094,46287,5392,41364,7695,53289,10712,49244,6105,11023,5071,42045,14409,17500,5999,21290,4211,20847,4735,37917,27863,15909,2304,15909,2304,-,**,(X),(X),(X),(X),(X),(X)
1400000US41045970700,41045970700,"Census Tract 9707, Malheur County, Oregon",35263,60156,61563,24444,13334,21543,8605,6896,12594.5,45356.5,56833,9573,580,57,94.7,2.7,0,5.9,0,5.9,2.2,1.8,0.5,0.7,0.9,1.2,1.7,1.4,8.6,4.3,87.6,4.9,6.6,5.7,21.6,4.6,42.6,6.9,29.3,5.3,440,49,32,5.2,68,5.2,91.1,4.7,2.7,2.5,6.1,4.3,140,38,58.6,14.6,55.7,13.7,2.9,3,41.4,14.6,37.9,14.4,3.6,4.9,29.8,(X),29.3,(X),31.4,(X),44444,7112,45729,8409,-,**,-,**,18125,62134,-,**,-,**,30833,35705,30000,4755,46875,9639,35263,13334,60156,21543,61563,8605,24444,6896,56833,9573,68438,37688,56083,11527,59875,7277,60000,33796,24609,21299,23333,11060,17500,4154,16875,4084,80833,24270,26833,3361,26417,3071,63125,28011,(X),(X),(X),(X),(X),(X)
1400000US41045970900,41045970900,"Census Tract 9709, Malheur County, Oregon",19293,50481,50446,42500,20378,8019,7006,10283,11421.5,40680,51892,4969,1100,90,96.6,1.5,0,3.1,0.5,0.6,1,0.7,0,3.1,1.2,1.2,0.7,0.6,6.1,2.3,91.9,2.3,3.4,2.9,22.9,4,44.3,3.9,29.5,4,798,70,36,5.3,64,5.3,87.3,4.3,7.5,3.2,5.1,3.1,302,60,47,11.8,37.4,9.2,9.6,10.4,53,11.8,44,11.1,8.9,6.4,29.8,(X),28.6,(X),31.5,(X),46429,5832,45720,5665,-,**,14375,30571,56250,48955,-,**,51458,17909,54167,97192,51042,17291,45720,5419,19293,20378,50481,8019,50446,7006,42500,10283,51892,4969,51298,6163,53125,8796,53813,5887,28500,6448,51146,27786,24615,6449,24500,5705,26607,17595,19226,8613,25000,14640,16875,8857,67083,59461,(X),(X),(X),(X),(X),(X)
0400000US16,16,Idaho,26795,50894,56953,34770,883,796,702,654,758.75,42353,55636,493,577648,2248,94.2,0.2,0.4,0.1,1.1,0.1,1,0.1,0.1,0.1,1.5,0.1,1.6,0.1,7.6,0.1,88.7,0.2,6.4,0.2,34.4,0.2,37.8,0.2,21.5,0.2,404091,2740,47.1,0.4,52.9,0.4,80.2,0.5,13.8,0.4,6,0.3,173557,2214,51.4,0.7,42.8,0.7,8.6,0.4,48.6,0.7,36.4,0.7,12.1,0.6,24.5,(X),23.9,(X),24.3,(X),47015,441,47596,468,34864,3324,37167,3600,45830,6479,43056,31640,35396,2662,38946,2206,35284,1257,48625,471,26795,883,50894,796,56953,702,34770,654,55636,493,53351,745,57606,697,62559,589,27406,679,40423,1274,27063,370,23447,590,21060,541,39959,2287,31702,673,27701,856,45135,2051,(X),(X),(X),(X),(X),(X)
0400000US41,41,Oregon,24544,54084,60425,36667,1013,647,503,389,638,43930,61438,404,1512718,4455,89.3,0.1,1.6,0.1,1.2,0.1,3.1,0.1,0.3,0.1,2.3,0.1,2.3,0.1,7.2,0.1,84.9,0.1,5,0.1,33.4,0.1,39,0.1,22.6,0.1,964274,5138,43.1,0.3,56.9,0.3,76.9,0.3,16.3,0.2,6.8,0.2,548444,3767,54.3,0.4,43.5,0.4,10.7,0.3,45.7,0.4,33.3,0.4,12.4,0.3,23.1,(X),23,(X),21.4,(X),50036,338,50832,347,32767,2907,37258,2402,60487,2276,39421,2697,37630,1091,42555,1660,38582,800,51466,355,24544,1013,54084,647,60425,503,36667,389,61438,404,57146,825,64091,429,71355,425,29106,528,39953,1210,31072,343,27940,451,24619,435,49017,1318,35163,614,29923,688,53384,1662,(X),(X),(X),(X),(X),(X)
